O*NET-SOC Code;Title;Description;Area
11-1011.00;Izpilddirektors;Nosaka un formulē politiku un nodrošina uzņēmumu vai privātā un publiskā sektora organizāciju vispārēju vadību saskaņā ar direktoru padomes vai līdzīgas pārvaldes struktūras noteiktajām vadlīnijām. Plāno, vada vai koordinē operatīvās darbības augstākajā vadības līmenī ar padoto vadītāju un personāla vadītāju palīdzību.;Vadība
11-1011.03;Galvenā ilgtspējības amatpersona;Sazinās un sadarbojas ar vadību, akcionāriem, klientiem un darbiniekiem, lai risinātu ilgtspējības problēmas. Ievieš vai pārraudzī korporatīvās ilgtspējas stratēģiju.;Vadība
11-1021.00;Vispārējais un operāciju vadītājs;Plāno, vada vai koordinē valsts vai privātā sektora organizāciju darbību, pārraugot vairākas nodaļas vai vietas. Pienākumos un pienākumos ietilpst politikas formulēšana, ikdienas darbību vadība un materiālu un cilvēkresursu izmantošanas plānošana, taču tie ir pārāk daudzveidīgi un vispārīgi, lai tos varētu klasificēt vienā vadības vai administrācijas funkcionālajā jomā, piemēram, personāla, iepirkumu vai administratīvo pakalpojumu jomā. Parasti pārvalda ar padotajiem uzraugiem. Neietver pirmās līnijas uzraugus.;Vadība
11-1031.00;Likumdevējs;Izstrādā, ievieš vai ievieš likumus un statūtus vietējā, cilšu, valsts vai federālā līmenī. Ietver tikai darbiniekus vēlētos amatos.;Vadība
11-2011.00;Reklāmas un veicināšanas vadītājs;Plāno, virza vai koordinē reklāmas politiku un programmas vai sagatavo papildu materiālus, piemēram, plakātus, konkursus, kuponus vai dāvanas, lai radītu papildu interesi par produkta vai pakalpojuma iegādi nodaļai, visai organizācijai vai kontam.;Vadība
11-2021.00;Mārketinga vadītājs;Plāno, virza vai koordinē mārketinga politiku un programmas, piemēram, lai noteiktu pieprasījumu pēc uzņēmuma un tā konkurentu piedāvātajiem produktiem un pakalpojumiem, un identificē potenciālos klientus. Izstrādā cenu noteikšanas stratēģijas, lai palielinātu uzņēmuma peļņu vai tirgus daļu, vienlaikus nodrošinot, ka uzņēmuma klienti ir apmierināti. Pārraudzī produktu attīstību vai pārraudzī tendences, kas norāda uz jaunu produktu un pakalpojumu nepieciešamību.;Vadība
11-2022.00;Pārdošanas vadītājs;Plāno, virza vai koordinē produkta vai pakalpojuma faktisko izplatīšanu vai pārvietošanu klientam. Koordinē pārdošanas izplatīšanu, nosakot tirdzniecības teritorijas, kvotas un mērķus, kā arī izveido apmācības programmas tirdzniecības pārstāvjiem. Analizē darbinieku apkopoto pārdošanas statistiku, lai noteiktu pārdošanas potenciālu un krājumu prasības un pārraudzītu klientu vēlmes.;Vadība
11-2032.00;Sabiedrisko attiecību vadītājs;Plāno, vada vai koordinē darbības, kas paredzētas, lai radītu vai uzturētu labvēlīgu sabiedrības tēlu vai palielinātu izpratni par viņu organizāciju vai klientu.;Vadība
11-2033.00;Līdzekļu vākšanas vadītājs;Plāno, vada vai koordinē darbības, lai pieprasītu un uzturētu līdzekļus īpašiem projektiem vai bezpeļņas organizācijām.;Vadība
11-3012.00;Administratīvo pakalpojumu vadītājs;Plāno, virza vai koordinē vienu vai vairākus organizācijas administratīvos pakalpojumus, piemēram, ierakstu un informācijas pārvaldību, pasta izplatīšanu un citus biroja atbalsta pakalpojumus.;Vadība
11-3013.00;Ēku un objektu vadītājs;Plāno, vada vai koordinē iekārtu un ēku darbības un funkcionalitāti. Var ietvert apkārtējo teritoriju vai vairākas organizācijas pilsētiņas telpas.;Vadība
11-3013.01;Drošības vadītājs;Vada organizācijas drošības funkcijas, tostarp fizisko drošību un darbinieku un telpu drošību.;Vadība
11-3021.00;Datoru un informācijas sistēmu vadītājs;Plāno, vada vai koordinē darbības tādās jomās kā elektroniskā datu apstrāde, informācijas sistēmas, sistēmu analīze un datorprogrammēšana.;Vadība
11-3031.00;Finanšu vadītājs;Plāno, vada vai koordinē filiāles, biroja vai iestādes nodaļas grāmatvedības, ieguldījumu, banku, apdrošināšanas, vērtspapīru un citas finanšu darbības.;Vadība
11-3031.01;Kasieris un kontrolieris;Tiešas finanšu darbības, piemēram, plānošana, iepirkumi un investīcijas visai organizācijai vai tās daļai.;Vadība
11-3031.03;Ieguldījumu fondu pārvaldnieks;Plāno, virza vai koordinē ieguldījumu stratēģiju vai darbības lielam likvīdo aktīvu kopumam, ko nodrošina institucionālie ieguldītāji vai individuālie investori.;Vadība
11-3051.00;Rūpnieciskās ražošanas vadītājs;Plāno, vada vai koordinē darba aktivitātes un resursus, kas nepieciešami produktu ražošanai saskaņā ar izmaksu, kvalitātes un kvantitātes specifikācijām.;Vadība
11-3051.01;Kvalitātes kontroles sistēmu vadītājs;Plāno, virza vai koordinē kvalitātes nodrošināšanas programmas. Formulē kvalitātes kontroles politiku un kontrolē laboratorijas un ražošanas centienu kvalitāti.;Vadība
11-3051.02;Ģeotermālās ražošanas vadītājs;Pārvalda darbības ģeotermālās enerģijas ražošanas iekārtās. Uztur un pārraudzī ģeotermālo iekārtu iekārtas efektīvai un drošai iekārtas darbībai.;Vadība
11-3051.03;Biodegvielas ražošanas vadītājs;Pārvalda biodegvielas ražošanu un rūpnīcu darbības. Apkopo un apstrādā informāciju par augu ražošanu un veiktspēju, diagnosticē problēmas un izstrādā koriģējošās procedūras.;Vadība
11-3051.04;Biomasas spēkstacijas vadītājs;Pārvalda darbības biomasas elektroenerģijas ražošanas iekārtās. Tiešās darba aktivitātes ražotnē, tostarp darbības un apkopes personāla uzraudzība.;Vadība
11-3051.06;Hidroelektrostacijas ražošanas vadītājs;Pārvalda darbību hidroelektroenerģijas ražošanas iekārtās. Uztur un uzrauga hidroelektrostaciju iekārtas efektīvai un drošai iekārtas darbībai.;Vadība
11-3061.00;Iepirkumu vadītājs;Plāno, vada vai koordinē pircēju, iepirkumu amatpersonu un saistīto darbinieku darbības, kas iesaistītas materiālu, produktu un pakalpojumu iegādē. Ietver vairumtirdzniecības vai mazumtirdzniecības tirdzniecības vadītājus un iepirkumu vadītājus.;Vadība
11-3071.00;Transporta, uzglabāšanas un izplatīšanas vadītājs;Plāno, vada vai koordinē transportēšanas, uzglabāšanas vai izplatīšanas darbības saskaņā ar organizācijas politiku un piemērojamiem valdības likumiem vai noteikumiem. Ietver loģistikas vadītājus.;Vadība
11-3071.04;Piegādes ķēdes vadītājs;Virza vai koordinē ražošanas, pirkšanas, noliktavu, izplatīšanas vai finanšu prognozēšanas pakalpojumus vai darbības, lai ierobežotu izmaksas un uzlabotu precizitāti, klientu apkalpošanu vai drošību. Izpēta esošās procedūras vai iespējas darbību racionalizēšanai, lai apmierinātu produktu izplatīšanas vajadzības. Virza krājumu pārvietošanu, uzglabāšanu vai apstrādi.;Vadība
11-3111.00;Atlīdzības un pabalstu vadītājs;Plāno, virza vai koordinē organizācijas kompensācijas un pabalstu darbības.;Vadība
11-3121.00;Cilvēkresursu vadītājs;Plāno, vada vai koordinē cilvēkresursu aktivitātes un organizācijas personālu.;Vadība
11-3131.00;Apmācību un attīstības vadītājs;Plāno, virza vai koordinē apmācības un attīstības pasākumus un organizācijas darbiniekus.;Vadība
11-9013.00;Lauksaimnieks, lopkopis un cits lauksaimniecības vadītājs;Plāno, vada vai koordinē fermu, rančo, siltumnīcu, akvakultūras darbību, stādaudzētavu, kokmateriālu laukumu vai citu lauksaimniecības uzņēmumu pārvaldību vai darbību. Var pieņemt darbā, apmācīt un uzraudzīt lauksaimniecības darbiniekus vai slēgt līgumus par pakalpojumiem, lai veiktu pārvaldītās darbības ikdienas darbības. Var iesaistīties vai pārraudzīt stādīšanas, kultivēšanas, ražas novākšanas, kā arī finanšu un mārketinga darbības.;Vadība
11-9021.00;Būvdarbu vadītājs;Plāno, vada vai koordinē, parasti ar pakļautā uzraudzības personāla starpniecību, darbības, kas saistītas ar konstrukciju, iekārtu un sistēmu būvniecību un uzturēšanu. Piedalās būvniecības projekta konceptuālā izstrādē un pārraudzī tā organizāciju, grafiku, budžeta plānošanu un ieviešanu. Ietver vadītājus specializētās būvniecības jomās, piemēram, galdniecībā vai santehnikā.;Vadība
11-9031.00;Izglītības un bērnu aprūpes administrators, pirmsskolas un dienas aprūpes iestāde;Plāno, vada vai koordinē pirmsskolas vai bērnu aprūpes centru akadēmiskās vai neakadēmiskās aktivitātes un programmas, tostarp aprūpi pirmsskolas un pēcskolas laikā.;Izglītība
11-9032.00;Izglītības administrators no bērnudārza līdz vidusskolai;Plāno, vada vai koordinē bērnudārza, pamatskolas vai vidusskolas akadēmiskās, administratīvās vai palīgdarbības.;Vadība
11-9033.00;Izglītības administrators, pēcvidusskola;Plāno, vada vai koordinē studentu apmācību, administrēšanu un pakalpojumus, kā arī citas pētniecības un izglītības aktivitātes pēcvidusskolas iestādēs, tostarp universitātēs, koledžās un jaunākās un kopienas koledžās.;Vadība
11-9039.00;Izglītības administrators, visi pārējie;Visi izglītības administratori nav uzskaitīti atsevišķi.;Vadība
11-9041.00;Arhitektūras un inženierzinātņu vadītājs;Plāno, vada vai koordinē darbības tādās jomās kā arhitektūra un inženierzinātnes vai pētniecība un attīstība šajās jomās.;Vadība
11-9041.01;Biodegvielas/biodīzeļdegvielas tehnoloģiju un produktu attīstības vadītājs;Definē, plāno vai izpilda biodegvielas/biodīzeļdegvielas pētniecības programmas, kas novērtē alternatīvas izejvielu un procesu tehnoloģijas ar tuvākā laika komerciālo potenciālu.;Vadība
11-9051.00;Ēdināšanas pakalpojumu vadītājs;Plāno, vada vai koordinē tādas organizācijas vai nodaļas darbības, kas apkalpo pārtiku un dzērienus.;Vadība
11-9071.00;Azartspēļu vadītājs;Plāno, vada vai koordinē azartspēļu darbības kazino. Var formulēt mājas noteikumus.;Vadība
11-9072.00;Izklaides un atpūtas vadītājs, izņemot azartspēles;Plāno, vada vai koordinē izklaides un atpūtas pasākumus un darbības atpūtas objektā, tostarp kruīza kuģos un parkos.;Vadība
11-9081.00;Viesnīcas vadītājs;Plāno, vada vai koordinē tādas organizācijas vai nodaļas darbības, kas nodrošina izmitināšanu un citas naktsmītnes.;Vadība
11-9111.00;Medicīnas un veselības pakalpojumu vadītājs;Plāno, vada vai koordinē medicīnas un veselības pakalpojumus slimnīcās, klīnikās, pārvaldītās aprūpes organizācijās, sabiedrības veselības aģentūrās vai līdzīgās organizācijās.;Veselība
11-9121.00;Dabaszinātņu vadītājs;Plāno, virza vai koordinē darbības tādās jomās kā dzīvības zinātnes, fiziskās zinātnes, matemātika, statistika, kā arī pētniecība un attīstība šajās jomās.;Zinātne
11-9121.01;Klīnisko pētījumu koordinators;Plāno, virza vai koordinē klīnisko pētījumu projektus. Vada klīnisko pētījumu projektos iesaistīto darbinieku darbības, lai nodrošinātu atbilstību protokoliem un vispārējiem klīniskajiem mērķiem. Var novērtēt un analizēt klīniskos datus.;Vadība
11-9121.02;Ūdens resursu speciālists;Izstrādā vai ievieš programmas un stratēģijas, kas saistītas ar ūdens resursu jautājumiem, piemēram, piegādes, kvalitātes un normatīvās atbilstības jautājumiem.;Vadība
11-9131.00;Pasta vadītājs un pasta uzraugs;"Plāno, vada vai koordinē ASV pasta nodaļas darbības, administratīvos, vadības un atbalsta pakalpojumus; vai koordinē pasta un ar to saistīto darbu strādājošo darbību norīkotajā pasta nodaļā.";Finanses
11-9141.00;Īpašuma, nekustamā īpašuma un kopienu asociāciju vadītājs;Plāno, vada vai koordinē komerciālā, rūpnieciskā vai dzīvojamā nekustamā īpašuma pārdošanas, pirkšanas, līzinga vai pārvaldības darbības. Ietver māju īpašnieku un dzīvokļu asociāciju, īrētu vai iznomātu mājokļu, ēku vai zemes pārvaldniekus (tostarp īpašumtiesības).;Vadība
11-9151.00;Sociālo un sabiedrisko pakalpojumu vadītājs;Plāno, vada vai koordinē sociālo pakalpojumu programmas vai kopienas informatīvās organizācijas aktivitātes. Pārraudzī programmas vai organizācijas budžetu un politiku attiecībā uz dalībnieku iesaistīšanu, programmas prasībām un priekšrocībām. Darbs var ietvert sociālo darbinieku, konsultantu vai probācijas darbinieku vadīšanu.;Sociālais
11-9161.00;Ārkārtas situāciju vadības direktors;Plāno un virza reaģēšanas uz katastrofām vai krīzes pārvarēšanas darbības, nodrošina sagatavotības apmācību katastrofām un sagatavo ārkārtas plānus un procedūras dabas (piemēram, viesuļvētras, plūdi, zemestrīces), kara laika vai tehnoloģiskām (piemēram, atomelektrostaciju avārijas vai bīstamu materiālu noplūdes) katastrofām vai ķīlnieku situācijām.;Finanses
11-9171.00;Apbedīšanas biroja vadītājs;Plāno, virza vai koordinē apbedīšanas biroju pakalpojumus vai resursus. Ietver tādas darbības kā pakalpojumu vai preču cenu noteikšana un apbedīšanas biroju telpu pārvaldīšana.;Vadība
11-9179.00;Personīgo pakalpojumu vadītājs, visi pārējie;Visi personīgo pakalpojumu vadītāji nav uzskaitīti atsevišķi.;Vadība
11-9179.01;Fitnesa un labsajūtas koordinators;Pārvalda vai koordinē fitnesa un labsajūtas programmas un pakalpojumus. Pārvalda un apmāca labsajūtas speciālistu, veselības pedagogu vai fitnesa instruktoru personālu.;Vadība
11-9179.02;Spa vadītājs;Plāno, vada vai koordinē spa iestādes darbības. Koordinē programmas, plāno un virza personālu, kā arī pārraudzī finanšu aktivitātes.;Vadība
11-9199.00;Vadītājs, visi pārējie;Visi vadītāji nav uzskaitīti atsevišķi.;Vadība
11-9199.01;Regulatīvo lietu vadītājs;Plāno, vada vai koordinē organizācijas ražošanas darbības, lai nodrošinātu atbilstību noteikumiem un standarta darbības procedūrām.;Vadība
11-9199.02;Atbilstības vadītājs;Plāno, vada vai koordinē organizācijas darbības, lai nodrošinātu atbilstību ētikas vai normatīvajiem standartiem.;Vadība
11-9199.08;Zaudējumu novēršanas vadītājs;Plāno un virza politiku, procedūras vai sistēmas, lai novērstu aktīvu zaudēšanu. Nosaka risku vai iespējamo atbildību un izstrādā riska kontroles pasākumus.;Vadība
11-9199.09;Vēja enerģijas operāciju vadītājs;Pārvalda vēja lauka darbības, tostarp personālu, apkopes darbības, finanšu darbības un plānošanu.;Vadība
11-9199.10;Vēja enerģijas attīstības vadītājs;Vada vai vada potenciālo vēja enerģijas biznesa iespēju izstrādi un novērtēšanu, tostarp vides pētījumus, atļauju izsniegšanu un priekšlikumus. Var vadīt arī projektu būvniecību.;Vadība
11-9199.11;Degradēto teritoriju pārbūves speciālists un objektu vadītājs;Plāno un virza piesārņoto īpašumu tīrīšanu un pārbūvi atkārtotai izmantošanai. Neietver īpašumus, kas ir pietiekami piesārņoti, lai kvalificētos kā Superfund vietnes.;Vadība
13-1011.00;Mākslinieku, izpildītāju un sportistu aģents un biznesa vadītājs;Pārstāv un reklamēt māksliniekus, izpildītājus un sportistus attiecībās ar esošajiem vai potenciālajiem darba devējiem. Var risināt līgumu sarunas un citus biznesa jautājumus klientiem.;Analītika
13-1021.00;Pircējs un iepirkumu aģents, lauksaimniecības produkti;Iegādājas lauksaimniecības produktus tālākai pārstrādei vai tālākai pārdošanai. Ietver koku fermu darbuzņēmējus, graudu brokerus un tirgus operatorus, graudu pircējus un tabakas pircējus. Var vienoties par līgumiem.;Analītika
13-1022.00;Vairumtirdzniecības un mazumtirdzniecības pircējs, izņemot lauksaimniecības produktus;Pērk preces vai preces, kas nav lauksaimniecības produkti, lai pārdotu tālāk patērētājiem vairumtirdzniecības vai mazumtirdzniecības līmenī, tostarp gan ilglietojuma, gan īslaicīgas lietošanas preces. Analizē iepriekšējās pirkšanas tendences, pārdošanas ierakstus, preču cenu un kvalitāti, lai noteiktu vērtību un ienesīgumu. Izvēlas, pasūtīt un autorizē preču apmaksu saskaņā ar līgumiem. Var vadīt tikšanās ar pārdošanas personālu un iepazīstināt ar jauniem produktiem. Var vienoties par līgumiem. Ietver arī vairumtirdzniecības un mazumtirdzniecības pircējus, kas nav lauksaimniecības produkti.;Analītika
13-1023.00;Iepirkuma aģents, izņemot vairumtirdzniecību, mazumtirdzniecību un lauksaimniecības produktus;Iegādājas iekārtas, aprīkojumu, instrumentus, detaļas, materiālus vai pakalpojumus, kas nepieciešami uzņēmuma darbībai. Iegādājas izejmateriālus vai pusfabrikātus ražošanai. Var vienoties par līgumiem.;Analītika
13-1031.00;Pretenziju regulētājs, pārbaudītājs un izmeklētājs;Pārskata nokārtotās prasības, lai noteiktu, vai maksājumi un norēķini tiek veikti saskaņā ar uzņēmuma praksi un procedūrām. Konsultējas ar juristu par prasībām, kurām nepieciešama tiesvedība. Var arī nokārtot apdrošināšanas atlīdzības.;Analītika
13-1032.00;Apdrošināšanas vērtētājs, automašīnu bojājumi;Novērtē automašīnas vai citu transportlīdzekļu bojājumus, lai noteiktu remonta izmaksas apdrošināšanas atlīdzības noregulēšanai. Sagatavo apdrošināšanas veidlapas, lai norādītu remonta izmaksas vai izmaksu tāmes un ieteikumus. Var vienoties ar automobiļu remontdarbnīcu par remonta izmaksām.;Analītika
13-1041.00;Atbilstības amatpersona;Pārbauda, novērtē un izmeklē atbilstību vai atbilstību likumiem un noteikumiem, kas regulē licenču un atļauju atbilstību līgumam, un veic citas atbilstības un izpildes pārbaudes un analīzes darbības, kas nav klasificētas citur.;Analītika
13-1041.01;Vides atbilstības inspektors;Pārbauda un izmeklē piesārņojuma avotus, lai aizsargātu sabiedrību un vidi un nodrošinātu atbilstību federālajiem, valsts un vietējiem noteikumiem un rīkojumiem.;Analītika
13-1041.03;Vienlīdzīgu iespēju pārstāvis un amatpersona;Pārraudzī un novērtē atbilstību vienlīdzīgu iespēju likumiem, vadlīnijām un politikām, lai nodrošinātu, ka nodarbinātības prakse un līgumu slēgšanas noteikumi sniedz vienlīdzīgas iespējas neatkarīgi no rases, reliģijas, ādas krāsas, nacionālās izcelsmes, dzimuma, vecuma vai invaliditātes.;Analītika
13-1041.04;Valdības īpašuma inspektors un izmeklētājs;Izpēta vai pārbauda valdības īpašumu, lai nodrošinātu atbilstību līgumiem un valdības noteikumiem.;Analītika
13-1041.06;Koroners;Tiešas darbības, piemēram, autopsijas, patoloģiskas un toksikoloģiskās analīzes un izmeklēšanas saistībā ar nāves gadījumu izmeklēšanu, kas notikuši juridiskās jurisdikcijas ietvaros, lai noteiktu nāves cēloni vai noteiktu atbildību par nejaušiem, vardarbīgiem vai neizskaidrojamiem nāves gadījumiem.;Analītika
13-1041.07;Regulēšanas lietu speciālists;Koordinē un dokumentē iekšējos normatīvos procesus, piemēram, iekšējos auditus, pārbaudes, licenču atjaunošanu vai reģistrāciju. Var apkopot un sagatavot materiālus iesniegšanai regulējošām aģentūrām.;Analītika
13-1041.08;Muitas brokeris;Sagatavo muitas dokumentāciju un pārliecinās, ka sūtījumi atbilst visiem piemērojamiem tiesību aktiem, lai atvieglotu preču importu un eksportu. Nosaka un izseko maksājamās nodevas un nodokļus un apstrādā maksājumus klienta vārdā. Paraksta dokumentus saskaņā ar pilnvaru. Pārstāv klientus sanāksmēs ar muitas amatpersonām un pieteikties uz nodokļu atmaksu un tarifu pārklasificēšanu. Koordinē importēto preču transportēšanu un uzglabāšanu.;Analītika
13-1051.00;Izmaksu aprēķinātājs;Sagatavo izmaksu tāmes produktu ražošanai, būvniecības projektiem vai pakalpojumiem, lai palīdzētu vadībai solīt cenas vai nosaka produkta vai pakalpojuma cenu. Var specializēties atbilstoši veiktajam pakalpojumam vai ražotā produkta veidam.;Analītika
13-1071.00;Cilvēkresursu speciālists;Pieņem darbā, pārbauda, intervē vai ievieto personas organizācijā. Var veikt citas darbības vairākās cilvēkresursu jomās.;Analītika
13-1074.00;Lauku darba līgumslēdzējs;Pieņem darbā un nolīgt sezonas vai pagaidu lauksaimniecības strādniekus. Var transportēt, izmitināt un nodrošināt strādnieku ēdināšanu.;Analītika
13-1075.00;Darba attiecību speciālists;Atrisina strīdus starp darbiniekiem un vadītājiem, vienojas par koplīgumu slēgšanu vai koordinē sūdzību procedūras, lai izskatītu darbinieku sūdzības.;Analītika
13-1081.00;Loģistiķis;Analizē un koordinē uzņēmuma vai organizācijas loģistikas funkcijas. Atbild par visu produkta dzīves ciklu, tostarp iegādi, izplatīšanu, iekšējo piešķiršanu, piegādi un resursu galīgo iznīcināšanu.;Analītika
13-1081.01;Loģistikas inženieris;Izstrādā vai analizē operatīvos risinājumus tādiem projektiem kā transporta optimizācija, tīkla modelēšana, procesu un metožu analīze, izmaksu ierobežošana, jaudas palielināšana, maršrutēšanas un sūtījumu optimizācija vai informācijas pārvaldība.;Analītika
13-1081.02;Loģistikas analītiķis;Analizē produktu piegādes vai piegādes ķēdes procesus, lai noteiktu vai ieteiktu izmaiņas. Var pārvaldīt maršruta aktivitātes, tostarp rēķinu izrakstīšanu, elektroniskos rēķinus un sūtījumu izsekošanu.;Analītika
13-1082.00;Projektu vadības speciālists;Analizē un koordinē produkta vai pakalpojuma grafiku, laika grafiku, iepirkumu, personālu un budžetu katram projektam. Vada un vada tehniskā personāla darbu. Var kalpot kā kontaktpunkts klientam vai klientam.;Analītika
13-1111.00;Pārvaldības analītiķis;Veic organizatoriskus pētījumus un novērtējumus, izstrādā sistēmas un procedūras, veic darba vienkāršošanas un mērījumu pētījumus un sagatavo operāciju un procedūru rokasgrāmatas, lai palīdzētu vadībai darbojas efektīvāk un efektīvāk. Ietver programmu analītiķus un vadības konsultantus.;Analītika
13-1121.00;Sanāksmju, konferenču un pasākumu plānotājs;Koordinē personāla, sanāksmju personāla vai klientu aktivitātes, lai vienotos par grupu sanāksmēm, pasākumiem vai konvencijām.;Analītika
13-1131.00;Līdzekļu vācējs;Organizē pasākumus, lai piesaistītu līdzekļus vai citādi lūgtu un vāktu naudas ziedojumus vai citas dāvanas organizācijai. Var izstrādāt un ražot reklāmas materiālus. Var arī palielināt izpratni par organizācijas darbu, mērķiem un finanšu vajadzībām.;Analītika
13-1141.00;Atalgojuma, pabalstu un darba analīzes speciālists;Veic atalgojuma un pabalstu programmas un darba analīzi darba devējam. Var specializēties noteiktās jomās, piemēram, amatu klasifikācijā un pensiju programmās.;Analītika
13-1151.00;Apmācības un attīstības speciālists;Izstrādā vai vada ar darbu saistītas apmācības un attīstības programmas, lai uzlabotu individuālās prasmes vai organizatorisko sniegumu. Var analizēt organizācijas apmācības vajadzības vai novērtēt apmācības efektivitāti.;Izglītība
13-1161.00;Tirgus izpētes analītiķis un mārketinga speciālists;Izpētes nosacījumi vietējos, reģionālajos, valsts vai tiešsaistes tirgos. Apkopo informāciju, lai noteiktu iespējamo produkta vai pakalpojuma pārdošanas apjomu vai plāno mārketinga vai reklāmas kampaņu. Var apkopot informāciju par konkurentiem, cenām, pārdošanu un mārketinga un izplatīšanas metodēm. Var izmantot meklēšanas mārketinga taktiku, analizēt tīmekļa metriku un izstrādāt ieteikumus, lai palielinātu meklētājprogrammu ranžēšanu un redzamību mērķa tirgos.;Analītika
13-1161.01;Meklēšanas mārketinga stratēģis;Izmanto meklēšanas mārketinga taktiku, lai palielinātu satura, produktu vai pakalpojumu redzamību un piesaisti internetam iespējotās ierīcēs vai saskarnēs. Pārbauda meklēšanas vaicājumu darbību vispārējās vai speciālajās meklētājprogrammās vai citā interneta saturā. Analizē pētījumus, datus vai tehnoloģiju, lai izprastu lietotāju nodomus un novērtētu notiekošās optimizācijas rezultātus.;Analītika
13-1199.00;Biznesa operāciju speciālists, visi pārējie;Visi biznesa operāciju speciālisti nav atsevišķi uzskaitīti.;Analītika
13-1199.04;Uzņēmējdarbības nepārtrauktības plānotājs;Izstrādā, uztur vai ievieš darbības nepārtrauktības un avārijas seku novēršanas stratēģijas un risinājumus, tostarp riska novērtējumus, uzņēmējdarbības ietekmes analīzi, stratēģijas izvēli un dokumentāciju par darbības nepārtrauktības un avārijas seku novēršanas procedūrām. Plāno, vada un apspriež regulārus fiktīvus katastrofu vingrinājumus, lai pārbaudītu esošo plānu un stratēģiju atbilstību, regulāri atjauninot procedūras un plānus. Darbojas kā koordinators nepārtrauktības centieniem pēc pārtraukuma notikuma.;Analītika
13-1199.05;Ilgtspējības speciālists;Pievēršas uzmanību organizatoriskām ilgtspējības problēmām, piemēram, atkritumu plūsmas pārvaldībai, zaļās būvniecības praksei un zaļā iepirkuma plāniem.;Analītika
13-1199.06;Tiešsaistes tirgotājs;Veic mazumtirdzniecības darbības uzņēmumiem, kas darbojas tikai tiešsaistē. Var veikt tādus pienākumus kā biznesa stratēģiju sagatavošana, preču pirkšana, krājumu pārvaldība, mārketinga aktivitāšu īstenošana, tiešsaistes pasūtījumu izpilde un piegāde un finanšu uzskaites līdzsvarošana.;Analītika
13-1199.07;Drošības vadības speciālists;Veic drošības novērtējumus organizācijām un izstrādā drošības sistēmas un procesus. Var specializēties tādās jomās kā fiziskā drošība vai darbinieku un objektu drošība.;Analītika
13-2011.00;Grāmatvedis un revidents;Pārbauda, analizē un interpretē grāmatvedības ierakstus, lai sagatavotu finanšu pārskatus, sniegtu padomus vai pārbaudītu un novērtētu citu sagatavotos pārskatus. Uzstāda izmaksu vai citu finanšu un budžeta datu reģistrēšanas sistēmas vai konsultē par tām.;Finanses
13-2022.00;Personīgā un biznesa īpašuma vērtētājs;Novērtē un novērtē materiālā personiskā vai biznesa īpašuma, piemēram, juvelierizstrādājumu, mākslas, senlietu, kolekcionējamu priekšmetu un aprīkojuma, patieso vērtību. Var arī novērtēt zemi.;Finanses
13-2023.00;Nekustamā īpašuma vērtētāji un novērtētāji;Novērtē tikai nekustamo īpašumu un novērtē tā patieso vērtību. Var noteikt nodokļus saskaņā ar noteiktajiem grafikiem.;Analītika
13-2031.00;Budžeta analītiķis;Pārbauda budžeta tāmes pilnīgumu, precizitāti un atbilstību procedūrām un noteikumiem. Analizē budžeta un grāmatvedības pārskatus.;Analītika
13-2041.00;Kredītu analītiķis;Analizē privātpersonu vai uzņēmumu kredītdatus un finanšu pārskatus, lai noteiktu riska pakāpi, kas saistīta ar kredīta piešķiršanu vai naudas aizdošanu. Sagatavo ziņojumus ar kredītinformāciju, lai to izmantotu lēmumu pieņemšanā.;Finanses
13-2051.00;Finanšu un investīciju analītiķis;Veic kvantitatīvu informācijas analīzi, kas saistīta ar investīciju programmām vai valsts vai privāto iestāžu finanšu datiem, tostarp uzņēmumu vērtēšanu.;Finanses
13-2052.00;Personīgais finanšu konsultants;Konsultē klientus par finanšu plāniem, izmantojot zināšanas par nodokļu un ieguldījumu stratēģijām, vērtspapīriem, apdrošināšanu, pensiju plāniem un nekustamo īpašumu. Pienākumos ietilpst klientu aktīvu, saistību, naudas plūsmas, apdrošināšanas seguma, nodokļu statusa un finanšu mērķu novērtēšana. Var arī pirkt un pārdot finanšu aktīvus klientiem.;Finanses
13-2053.00;Apdrošināšanas parakstītājs;Pārskata individuālos apdrošināšanas pieteikumus, lai novērtētu iesaistītā riska pakāpi un noteiktu pieteikumu pieņemšanu.;Analītika
13-2054.00;Finanšu risku speciālists;Analizē un novērtē pakļautību kredītriskam un tirgus riskam, kas apdraud organizācijas aktīvus, peļņas spēju vai ekonomisko stāvokli. Var sniegt ieteikumus riska ierobežošanai.;Analītika
13-2061.00;Finanšu pārbaudītājs;Ievieš vai nodrošina atbilstību normatīvajiem aktiem, kas regulē finanšu un vērtspapīru iestādes un finanšu un nekustamā īpašuma darījumus. Var pārbaudīt, pārbaudīt vai autentificēt ierakstus.;Finanses
13-2071.00;Kredīta konsultants;Konsultē un izglīto personas vai organizācijas par parādu iegūšanu un pārvaldību. Var sniegt norādījumus labākā aizdevuma veida noteikšanā un izskaidrot aizdevuma prasības vai ierobežojumus. Var palīdzēt izstrādā parādu pārvaldības plānus vai studentu finansiālās palīdzības paketes. Var sniegt konsultācijas kredīta jautājumos vai sniegt konsultācijas par budžetu, hipotēku, bankrotu vai studentu finansiālo palīdzību.;Finanses
13-2072.00;Aizdevuma darbinieks;Novērtē, pilnvaro vai iesaka apstiprināt komerciālus, nekustamā īpašuma vai kredīta aizdevumus. Konsultē aizņēmējus par finansiālo stāvokli un maksājuma veidiem. Ietver hipotekāro kredītu amatpersonas un aģentus, inkasācijas analītiķus, kredītu apkalpošanas amatpersonas, aizdevumu parakstītājus un algas dienas aizdevumu amatpersonas.;Finanses
13-2081.00;Nodokļu pārbaudītājs un iekasētājs, kā arī ieņēmumu aģents;Nosaka nodokļu saistības vai iekasē nodokļus no privātpersonām vai uzņēmumu firmām saskaņā ar noteiktajiem likumiem un noteikumiem.;Analītika
13-2082.00;Nodokļu sagatavotājs;Sagatavo nodokļu deklarācijas privātpersonām vai maziem uzņēmumiem.;Finanses
13-2099.00;Finanšu speciālists, visi pārējie;Visi finanšu speciālisti nav atsevišķi uzskaitīti.;Analītika
13-2099.01;Finanšu kvantitatīvais analītiķis;Izstrādā kvantitatīvus paņēmienus, lai informētu par ieguldījumiem vērtspapīros, ieguldījumiem akcijās, cenu noteikšanā vai finanšu instrumentu novērtēšanā. Izstrādā matemātiskos vai statistikas modeļus riska pārvaldībai, aktīvu optimizācijai, cenu noteikšanai vai relatīvās vērtības analīzei.;Analītika
13-2099.04;Krāpšanas pārbaudītājs, izmeklētājs un analītiķis;Iegūst pierādījumus, saņem paziņojumus, sagatavo ziņojumus un liecina par konstatējumiem saistībā ar krāpšanas apgalvojumu atrisināšanu. Var koordinēt krāpšanas atklāšanas un novēršanas darbības.;Analītika
15-1211.00;Datorsistēmu analītiķis;Analizē zinātnes, inženierijas, uzņēmējdarbības un citas datu apstrādes problēmas, lai izstrādātu un ieviestu risinājumus sarežģītām lietojumprogrammu problēmām, sistēmas administrēšanas problēmām vai tīkla problēmām. Veic sistēmu pārvaldības un integrācijas funkcijas, uzlabo esošās datorsistēmas un pārskata datorsistēmu iespējas, darbplūsmu un grafiku ierobežojumus. Var analizēt vai ieteikt komerciāli pieejamu programmatūru.;Tehnoloģijas
15-1211.01;Veselības informātikas speciālists;Lieto zināšanas par māsu un informātiku, lai palīdzētu datorizētu veselības aprūpes sistēmu projektēšanā, izstrādē un pastāvīgās modifikācijās. Var izglītot personālu un palīdzēt problēmu risināšanā, lai veicinātu veselības aprūpes sistēmas ieviešanu.;Tehnoloģijas
15-1212.00;Informācijas drošības analītiķis;Plāno, ievieš, jaunināt vai pārraudzī drošības pasākumus datortīklu un informācijas aizsardzībai. Novērtē sistēmas ievainojamības drošības risku dēļ un ierosina un ievieš riska mazināšanas stratēģijas. Var nodrošināt atbilstošu drošības kontroli, kas aizsargās digitālos failus un svarīgu elektronisko infrastruktūru. Var reaģēt uz datoru drošības pārkāpumiem un vīrusiem.;Tehnoloģijas
15-1221.00;Datoru un informācijas pētniecības zinātnieks;Veic pētījumus fundamentālajā datorzinātnē un informācijas zinātnē kā teorētiķi, dizaineri vai izgudrotāji. Izstrādā risinājumus problēmām datoru aparatūras un programmatūras jomā.;Tehnoloģijas
15-1231.00;Datortīklu atbalsta speciālists;Analizē, pārbauda, novērš problēmas un novērtē esošās tīkla sistēmas, piemēram, lokālos tīklus (LAN), teritoriālos tīklus (WAN), mākoņtīklus, serverus un citus datu sakaru tīklus. Veic tīkla apkopi, lai nodrošinātu tīklu pareizu darbību ar minimāliem pārtraukumiem.;Tehnoloģijas
15-1232.00;Datoru lietotāju atbalsta speciālists;Sniedz tehnisko palīdzību datoru lietotājiem. Atbild uz klientu jautājumiem vai atrisina datora problēmas klātienē, pa tālruni vai elektroniski. Var sniegt palīdzību saistībā ar datoru aparatūras un programmatūras lietošanu, tostarp drukāšanu, instalēšanu, teksta apstrādi, elektronisko pastu un operētājsistēmām.;Tehnoloģijas
15-1241.00;Datortīklu arhitekts;Izstrādā un ievieš datoru un informācijas tīklus, piemēram, lokālos tīklus (LAN), teritoriālos tīklus (WAN), iekštīklus, ārtīklus un citus datu sakaru tīklus. Veic tīkla modelēšanu, analīzi un plānošanu, tostarp tīkla infrastruktūru jaudas vajadzību analīzi. Var arī izstrādāt tīkla un datoru drošības pasākumus. Var izpētīt un ieteikt tīkla un datu sakaru aparatūru un programmatūru.;Tehnoloģijas
15-1241.01;Telekomunikāciju inženieru speciālists;Projektē vai konfigurē vadu, bezvadu un satelītu sakaru sistēmas balss, video un datu pakalpojumiem. Uzrauga uzstādīšanu, apkalpošanu un apkopi.;Tehnoloģijas
15-1242.00;Datu bāzes administrators;Administrē, testē un ievieš datoru datu bāzes, pielietojot zināšanas par datu bāzu pārvaldības sistēmām. Saskaņo izmaiņas datoru datu bāzēs. Identificē, izmeklē un atrisina datu bāzes veiktspējas, datu bāzes ietilpības un datu bāzes mērogojamības problēmas. Var plānot, koordinēt un īstenot drošības pasākumus, lai aizsargātu datoru datu bāzes.;Tehnoloģijas
15-1243.00;Datu bāzes arhitekts;Projektēšanas stratēģijas uzņēmumu datubāzēm, datu noliktavas sistēmām un daudzdimensionāliem tīkliem. Iestata standartus datu bāzes darbībām, programmēšanai, vaicājumu procesiem un drošībai. Modelē, projektē un konstruē lielas relāciju datu bāzes vai datu noliktavas. Izveido un optimizē datu modeļus noliktavas infrastruktūrai un darbplūsmai. Integrē jaunas sistēmas ar esošo noliktavas struktūru un uzlabo sistēmas veiktspēju un funkcionalitāti.;Tehnoloģijas
15-1243.01;Datu noliktavas speciālists;Projektē, modelē vai īsteno korporatīvās datu noliktavas darbības. Programmē un konfigurē datu bāzes informācijas noliktavas un sniedz atbalstu noliktavas lietotājiem.;Tehnoloģijas
15-1244.00;Tīkla un datorsistēmu administrators;Instalē, konfigurē un uztur organizācijas lokālo tīklu (LAN), teritoriālo tīklu (WAN), datu sakaru tīklu, operētājsistēmas un fiziskos un virtuālos serverus. Veic sistēmas uzraudzību un pārbauda aparatūras, tīkla un servera resursu un sistēmu integritāti un pieejamību. Pārskata sistēmas un lietojumprogrammu žurnālus un pārbauda plānoto darbu pabeigšanu, tostarp sistēmas dublējumus. Analizē tīkla un servera resursu patēriņu un kontrolē lietotāju piekļuvi. Instalē un jaunina programmatūru un uztur programmatūras licences. Var palīdzēt tīkla modelēšanā, analīzē, plānošanā un tīkla un datu sakaru aparatūras un programmatūras koordinēšanā.;Tehnoloģijas
15-1251.00;Datorprogrammētājs;Izveido, modificē un pārbauda kodu un skriptus, kas ļauj darbojas datora lietojumprogrammām. Darbs pēc programmatūras un tīmekļa izstrādātāju vai citu personu izstrādātām specifikācijām. Var izstrādāt un rakstīt datorprogrammas, lai uzglabātu, atrastu un izgūtu konkrētus dokumentus, datus un informāciju.;Tehnoloģijas
15-1252.00;Programmatūras izstrādātājs;Datoru un tīkla programmatūras vai specializētu utilītu programmu izpēte, projektēšana un izstrāde. Analizē lietotāju vajadzības un izstrādā programmatūras risinājumus, izmantojot datorzinātņu, inženierzinātņu un matemātiskās analīzes principus un metodes. Atjaunina programmatūru vai uzlabo esošās programmatūras iespējas. Var strādāt ar datoru aparatūras inženieriem, lai integrētu aparatūras un programmatūras sistēmas un izstrādātu specifikācijas un veiktspējas prasības. Var uzturēt datu bāzes lietojumprogrammu apgabalā, strādājot individuāli vai koordinējot datu bāzes izstrādi kā daļu no komandas.;Tehnoloģijas
15-1253.00;Programmatūras kvalitātes nodrošināšanas analītiķis un testētājs;Izstrādā un izpilda programmatūras testus, lai identificētu programmatūras problēmas un to cēloņus. Testē sistēmas modifikācijas, lai sagatavotos ieviešanai. Dokumentē programmatūras un lietojumprogrammu defektus, izmantojot kļūdu izsekošanas sistēmu, un ziņo par defektiem programmatūras vai tīmekļa izstrādātājiem. Izveido un uztur zināmo defektu datu bāzes. Var piedalīties programmatūras dizaina pārskatos, lai sniegtu informāciju par funkcionālajām prasībām, darbības parametriem, produktu projektiem un grafikiem.;Tehnoloģijas
15-1254.00;Web izstrādātājs;Izstrādā un ievieš tīmekļa vietnes, tīmekļa lietojumprogrammas, lietojumprogrammu datu bāzes un interaktīvas tīmekļa saskarnes. Novērtē kodu, lai pārliecinātos, ka tas ir pareizi strukturēts, atbilst nozares standartiem un ir saderīgs ar pārlūkprogrammām un ierīcēm. Optimizē vietnes veiktspēju, mērogojamību un servera puses kodu un procesus. Var attīstīt vietņu infrastruktūru un integrē vietnes ar citām datoru lietojumprogrammām.;Tehnoloģijas
15-1255.00;Tīmekļa un digitālo interfeisu dizaineris;Izveido digitālās lietotāja saskarnes vai tīmekļa vietnes. Izstrādā un pārbauda izkārtojumus, saskarnes, funkcionalitāti un navigācijas izvēlnes, lai nodrošinātu saderību un lietojamību dažādās pārlūkprogrammās vai ierīcēs. Var izmantot tīmekļa ietvara lietojumprogrammas, kā arī klienta puses kodu un procesus. Var novērtēt tīmekļa dizainu, ievērojot tīmekļa un pieejamības standartus, kā arī var analizēt tīmekļa lietošanas metriku un optimizē vietnes, lai nodrošinātu to nopērkamību un meklētājprogrammu ranžēšanu. Var izstrādāt un pārbaudīt saskarnes, kas atvieglo cilvēka un datora mijiedarbību un maksimāli palielina digitālo ierīču, vietņu un programmatūras lietojamību, koncentrējoties uz estētiku un dizainu. Var izveidot tīmekļa vietnēs izmantoto grafiku un pārvaldīt vietnes saturu un saites.;Radošums
15-1255.01;Videospēļu dizaineris;Dizaina galvenās videospēļu funkcijas. Norāda novatorisku spēļu un lomu spēles mehāniku, sižeta līnijas un varoņu biogrāfijas. Izveido un uztur projekta dokumentāciju. Vada un sadarbojas ar ražošanas personālu, lai radītu spēles, kā paredzēts.;Tehnoloģijas
15-1299.00;Datora profesija, visi citi;Visas datoru profesijas nav uzskaitītas atsevišķi.;Tehnoloģijas
15-1299.01;Tīmekļa administrators;Pārvalda tīmekļa vides dizaina, izvietošanas, izstrādes un uzturēšanas darbības. Veic tīmekļa vietņu un tīmekļa lietojumprogrammu testēšanu un kvalitātes nodrošināšanu.;Tehnoloģijas
15-1299.02;Ģeogrāfiskās informācijas sistēmu tehnologs un tehniķis;Palīdz zinātniekiem vai saistītiem profesionāļiem ģeogrāfiskās informācijas sistēmu (GIS) datubāzu veidošanā, uzturēšanā, pārveidošanā vai izmantošanā. Var arī veikt kādu pielāgotu lietojumprogrammu izstrādi vai nodrošināt lietotāju atbalstu.;Tehnoloģijas
15-1299.03;Dokumentu pārvaldības speciālists;Ievieš un administrē visa uzņēmuma mēroga dokumentu pārvaldības sistēmas un saistītās procedūras, kas ļauj organizācijām tvert, uzglabāt, izgūst, koplietot un iznīcināt elektroniskos ierakstus un dokumentus.;Tehnoloģijas
15-1299.04;Iespiešanās pārbaudītājs;Novērtē tīkla sistēmas drošību, veicot simulētus iekšējos un ārējos kiberuzbrukumus, izmantojot pretinieku rīkus un metodes. Mēģina uzlauzt un izmanto kritiskās sistēmas un piekļūt sensitīvai informācijai, lai novērtētu sistēmas drošību.;Tehnoloģijas
15-1299.05;Informācijas drošības inženieris;Izstrādā un pārraudzī informācijas drošības procedūru un politiku ieviešanu. Izveido, uztur un atjaunina drošības tehnoloģijas, piemēram, ugunsmūrus, lai droši izmantotu datortīklus un pārsūtītu un izgūtu informāciju. Izstrādā un ievieš atbilstošus drošības kontroles pasākumus, lai identificētu ievainojamības un aizsargātu digitālos failus un elektroniskās infrastruktūras. Pārraudzī un reaģē uz datoru drošības pārkāpumiem, vīrusiem un ielaušanos, kā arī veic kriminālistikas izmeklēšanu. Var pārraudzīt informācijas drošības sistēmu novērtēšanu.;Tehnoloģijas
15-1299.06;Digitālās kriminālistikas analītiķis;Veic datorizētu noziegumu izmeklēšanu, iegūstot dokumentārus vai fiziskus pierādījumus, piemēram, digitālos datu nesējus un žurnālus, kas saistīti ar kiberielaušanās incidentiem. Analizē digitālos pierādījumus un izmeklē datoru drošības incidentus, lai iegūtu informāciju, kas atbalsta sistēmas un tīkla ievainojamības mazināšanu. Saglabā un iesniegt ar datoru saistītus pierādījumus, lai atbalstītu kriminālizmeklēšanu, krāpšanu, pretizlūkošanu vai tiesībaizsardzības izmeklēšanu.;Tehnoloģijas
15-1299.07;Blockchain inženieris;Uztur un atbalsta izplatītus un decentralizētus blokķēdes tīklus vai blokķēdes lietojumprogrammas, piemēram, kriptovalūtas apmaiņu, maksājumu apstrādi, dokumentu koplietošanu un digitālo balsošanu. Izstrādā un izvieto drošus blokķēdes dizaina modeļus un risinājumus ģeogrāfiski sadalītos tīklos, izmantojot progresīvas tehnoloģijas. Var palīdzēt infrastruktūras iestatīšanā un lietojumprogrammu pārskatāmības un drošības testēšanā.;Tehnoloģijas
15-1299.08;Datorsistēmu inženieris/arhitekts;Izstrādā un izstrādā risinājumus sarežģītām lietojumprogrammu problēmām, sistēmas administrēšanas problēmām vai tīkla problēmām. Veic sistēmu pārvaldības un integrācijas funkcijas.;Tehnoloģijas
15-1299.09;Informācijas tehnoloģiju projektu vadītājs;Plāno, iniciēt un vada informācijas tehnoloģiju (IT) projektus. Vada un vada tehniskā personāla darbu. Kalpo par saikni starp projektu biznesa un tehniskajiem aspektiem. Plāno projekta posmus un novērtē katra posma ietekmi uz uzņēmējdarbību. Pārraudzī progresu, lai nodrošinātu termiņu, standartu un izmaksu mērķu izpildi.;Tehnoloģijas
15-2011.00;Aktuārs;Analizē statistikas datus, piemēram, mirstības, nelaimes gadījumu, slimību, invaliditātes un pensionēšanās rādītājus, un veido varbūtības tabulas, lai prognozētu risku un saistības par turpmāko pabalstu izmaksu. Var noskaidrot nepieciešamās apdrošināšanas likmes un naudas rezerves, kas nepieciešamas, lai nodrošinātu turpmāko pabalstu izmaksu.;Finanses
15-2021.00;Matemātiķis;Veic pētījumus fundamentālajā matemātikā vai matemātisko metožu pielietošanā zinātnē, vadībā un citās jomās. Risina uzdevumus dažādās jomās, izmantojot matemātiskās metodes.;Tehnoloģijas
15-2031.00;Operāciju izpētes analītiķis;Formulē un pielieto matemātisko modelēšanu un citas optimizācijas metodes, lai izstrādātu un interpretētu informāciju, kas palīdz vadībai lēmumu pieņemšanā, politikas formulēšanā vai citās vadības funkcijās. Var vākt un analizēt datus un izstrādāt lēmumu atbalsta programmatūru, pakalpojumus vai produktus. Var izstrādāt un nodrošināt optimālu laika, izmaksu vai loģistikas tīklus programmas novērtēšanai, pārskatīšanai vai ieviešanai.;Analītika
15-2041.00;Statistiķis;Izstrādā vai pielieto matemātikas vai statistikas teoriju un metodes, lai vāktu, organizētu, interpretētu un apkopotu skaitliskos datus, lai nodrošinātu izmantojamu informāciju. Var specializēties tādās jomās kā biostatistika, lauksaimniecības statistika, uzņēmējdarbības statistika vai ekonomikas statistika. Ietver matemātikas un aptauju statistiķus.;Analītika
15-2041.01;Biostatistiķis;Izstrādā un pielieto biostatistikas teoriju un metodes dzīvības zinātņu izpētē.;Tehnoloģijas
15-2051.00;Datu zinātnieks;Izstrādā un ievieš paņēmienu vai analītikas lietojumprogrammu kopumu, lai pārveidotu neapstrādātus datus jēgpilnā informācijā, izmantojot uz datiem orientētas programmēšanas valodas un vizualizācijas programmatūru. Izmanto datu ieguvi, datu modelēšanu, dabiskās valodas apstrādi un mašīnmācīšanos, lai iegūtu un analizētu informāciju no lielām strukturētām un nestrukturētām datu kopām. Vizualizē, interpretē un ziņo par datu atradumiem. Var izveidot dinamiskus datu pārskatus.;Analītika
15-2051.01;Biznesa informācijas analītiķis;Izveido finanšu un tirgus informāciju, veicot vaicājumus datu krātuvēs un ģenerējot periodiskus pārskatus. Izstrādā metodes datu modeļu un tendenču identificēšanai pieejamajos informācijas avotos.;Tehnoloģijas
15-2051.02;Klīnisko datu pārvaldnieks;Izmanto zināšanas par veselības aprūpi un datu bāzu pārvaldību, lai analizētu klīniskos datus un noteiktu tendences un ziņotu par tām.;Tehnoloģijas
15-2099.00;Matemātikas zinātnes profesija, visi pārējie;Visi matemātikas zinātnieki nav atsevišķi uzskaitīti.;Tehnoloģijas
15-2099.01;Bioinformātikas tehniķis;Izmanto bioinformātikas principus un metodes, lai palīdzētu zinātniekiem tādās jomās kā farmācija, medicīnas tehnoloģijas, biotehnoloģijas, skaitļošanas bioloģija, proteomika, datorinformācijas zinātne, bioloģija un medicīniskā informātika. Izmanto bioinformātikas rīkus, lai vizualizētu, analizētu, manipulētu vai interpretētu molekulāros datus. Var izveidot un uzturēt datu bāzes, lai apstrādātu un analizētu genomu vai citu bioloģisku informāciju.;Tehnoloģijas
17-1011.00;Arhitekts, izņemot ainavu un jūras arhitektus;Plāno un projektē struktūras, piemēram, privātmājas, biroju ēkas, teātri, rūpnīcas un citus strukturālus īpašumus.;Zinātne
17-1012.00;Ainavu arhitekts;Plāno un projektē zemes platības tādiem projektiem kā parki un citas atpūtas iespējas, lidostas, lielceļi, slimnīcas, skolas, zemes apakšnodaļas un tirdzniecības, rūpniecības un dzīvojamie objekti.;Zinātne
17-1021.00;Kartogrāfs un fotogrammetrists;Pēta, pēta un sagatavo kartes un citus telpiskos datus digitālā vai grafiskā formā vienam vai vairākiem mērķiem, piemēram, juridiskiem, sociāliem, politiskiem, izglītības un dizaina mērķiem. Var strādāt ar ģeogrāfiskās informācijas sistēmām (GIS). Var izstrādāt un novērtēt algoritmus, datu struktūras un lietotāja saskarnes ĢIS un kartēšanas sistēmām. Var vākt, analizēt un interpretē ģeogrāfisko informāciju, ko nodrošina ģeodēziskie uzmērījumi, aerofotogrāfijas un satelītu dati.;Zinātne
17-1022.00;Mērnieks;Veic precīzus mērījumus un nosaka īpašuma robežas. Sniedz datus, kas attiecas uz zemes vai zemes objektu formu, kontūru, gravitāciju, atrašanās vietu, augstumu vai izmēriem uz zemes virsmas vai tās tuvumā inženiertehniskiem, karšu veidošanas, kalnrūpniecības, zemes novērtēšanas, būvniecības un citiem mērķiem.;Zinātne
17-1022.01;Ģeodēziskais mērnieks;Mēra lielus Zemes virsmas laukumus, izmantojot satelītnovērojumus, globālās navigācijas satelītu sistēmas (GNSS), gaismas noteikšanu un diapazonu (LIDAR) vai saistītus avotus.;Zinātne
17-2011.00;Aviācijas un kosmosa inženieris;Veic inženiertehniskos pienākumus lidmašīnu, raķešu un kosmosa kuģu projektēšanā, konstruēšanā un testēšanā. Var veikt fundamentālus un lietišķus pētījumus, lai novērtētu materiālu un aprīkojuma pielāgošanos gaisa kuģu projektēšanai un ražošanai. Var ieteikt uzlabo testēšanas aprīkojumu un metodes.;Zinātne
17-2021.00;Lauksaimniecības inženieris;Pielieto inženierzinātņu un bioloģijas zinātnes zināšanas lauksaimniecības problēmām, kas saistītas ar enerģiju un mašīnām, elektrifikāciju, konstrukcijām, augsnes un ūdens saglabāšanu un lauksaimniecības produktu pārstrādi.;Zinātne
17-2031.00;Bioinženieris un biomedicīnas inženieris;Lieto zināšanas par inženierzinātnēm, bioloģiju, ķīmiju, datorzinātnēm un biomehāniskiem principiem, lai izstrādātu, izstrādātu un novērtētu bioloģiskās, lauksaimniecības un veselības sistēmas un produktus, piemēram, mākslīgos orgānus, protēzes, instrumentus, medicīniskās informācijas sistēmas un veselības pārvaldības un aprūpes sistēmas.;Zinātne
17-2041.00;Ķīmijas inženieris;Projektē ķīmisko rūpnīcu iekārtas un izstrādā procesus ķīmisko vielu un produktu, piemēram, benzīna, sintētiskā kaučuka, plastmasas, mazgāšanas līdzekļu, cementa, papīra un celulozes ražošanai, izmantojot ķīmijas, fizikas un inženierijas principus un tehnoloģijas.;Zinātne
17-2051.00;Būvinženieris;Veic inženiertehniskos pienākumus, plānojot, projektējot un pārraugot ēku konstrukciju un objektu, piemēram, ceļu, dzelzceļu, lidostu, tiltu, ostu, kanālu, dambju, apūdeņošanas projektu, cauruļvadu, spēkstaciju un ūdens un kanalizācijas sistēmu būvniecību un uzturēšanu.;Zinātne
17-2051.01;Transporta inženieris;Izstrādā plānus virszemes transporta projektiem saskaņā ar noteiktajiem inženiertehniskajiem standartiem un valsts vai federālo būvniecības politiku. Sagatavo transporta iekārtu projektus, specifikācijas vai tāmes. Plāno esošo ielu, maģistrāļu vai automaģistrāļu modifikācijas, lai uzlabotu satiksmes plūsmu.;Zinātne
17-2051.02;Ūdens / notekūdeņu inženieris;Izstrādā vai pārraudzī projektus, kas saistīti ar dzeramā ūdens piegādi, notekūdeņu un notekūdeņu novadīšanu vai ar plūdiem saistīto postījumu novēršanu. Sagatavo vides dokumentāciju ūdens resursiem, normatīvo programmu atbilstībai, datu pārvaldībai un analīzei, kā arī lauka darbiem. Veic hidraulisko modelēšanu un cauruļvadu projektēšanu.;Zinātne
17-2061.00;Datoru aparatūras inženieris;Datoru vai ar datoru saistītu iekārtu izpēte, projektēšana, izstrāde vai testēšana komerciālai, rūpnieciskai, militārai vai zinātniskai lietošanai. Var uzraudzīt datoru vai ar datoru saistītu iekārtu un komponentu ražošanu un uzstādīšanu.;Tehnoloģijas
17-2071.00;Elektroinženieris;Pēta, projektē, izstrādā, testē vai uzrauga elektrisko iekārtu, komponentu vai sistēmu ražošanu un uzstādīšanu komerciālai, rūpnieciskai, militārai vai zinātniskai lietošanai.;Zinātne
17-2072.00;Elektronikas inženieris, izņemot datorus;Elektronisko komponentu un sistēmu izpēte, projektēšana, izstrāde vai testēšana komerciālai, rūpnieciskai, militārai vai zinātniskai lietošanai, izmantojot zināšanas par elektronisko teoriju un materiālu īpašībām. Projektē elektroniskās shēmas un komponentus izmantošanai tādās jomās kā telekomunikācijas, kosmosa vadība un dzinējspēka kontrole, akustika vai instrumenti un vadības ierīces.;Zinātne
17-2072.01;Radiofrekvenču identifikācijas ierīču speciālists;Izstrādā un ievieš radiofrekvenču identifikācijas ierīču (RFID) sistēmas, ko izmanto sūtījumu vai preču izsekošanai.;Zinātne
17-2081.00;Vides inženieris;Izpēta, projektē, plāno vai veic inženiertehniskos pienākumus vides apdraudējumu novēršanā, kontrolē un atlīdzināšanā, izmantojot dažādas inženierzinātņu disciplīnas. Darbs var ietvert atkritumu apstrādi, vietas sanāciju vai piesārņojuma kontroles tehnoloģiju.;Zinātne
17-2111.00;Veselības un drošības inženieris, izņemot kalnrūpniecības drošības inženieru un inspektoru;Veicina darba vietu vai produktu drošību, pielietojot zināšanas par rūpnieciskajiem procesiem, mehāniku, ķīmiju, psiholoģiju un rūpnieciskās veselības un drošības likumiem. Ietver rūpniecisko produktu drošības inženierus.;Zinātne
17-2111.02;Ugunsgrēka novēršanas un aizsardzības inženieris;Izpēta ugunsgrēku cēloņus, nosaka ugunsaizsardzības metodes un izstrādā vai iesaka materiālus vai aprīkojumu, piemēram, konstrukcijas sastāvdaļas vai ugunsgrēka atklāšanas iekārtas, lai palīdzētu organizācijām aizsargā dzīvību un īpašumu pret ugunsgrēku, sprādzienu un ar to saistītiem apdraudējumiem.;Zinātne
17-2112.00;Rūpniecības inženieris;Izstrādā, izstrādā, testē un novērtē integrētās sistēmas rūpnieciskās ražošanas procesu pārvaldībai, tostarp cilvēka darba faktoriem, kvalitātes kontrolei, krājumu kontrolei, loģistikai un materiālu plūsmai, izmaksu analīzei un ražošanas koordinēšanai.;Zinātne
17-2112.01;Cilvēcisko faktoru inženieris un ergonomists;Projektē objektus, telpas un vidi, lai optimizētu cilvēku labklājību un vispārējo sistēmas veiktspēju, izmantojot teoriju, principus un datus par attiecībām starp cilvēkiem un attiecīgo tehnoloģiju. Izpēta un analizē cilvēka uzvedības un veiktspējas raksturlielumus, kas saistīti ar tehnoloģiju izmantošanu.;Zinātne
17-2112.02;Validācijas inženieris;Izstrādā vai plāno protokolus iekārtām vai procesiem, lai ražotu produktus, kas atbilst iekšējās un ārējās tīrības, drošības un kvalitātes prasībām.;Zinātne
17-2112.03;Ražošanas inženieris;Projektē, integrē vai uzlabo ražošanas sistēmas vai saistītos procesus. Var strādāt ar komerciāliem vai rūpnieciskiem dizaineriem, lai uzlabotu produktu dizainu, lai palielinātu ražīgumu un samazinātu izmaksas.;Zinātne
17-2121.00;Jūras inženieris un jūras arhitekts;Projektē, izstrādā un novērtē jūras kuģu, kuģu mehānismu un saistīto iekārtu, piemēram, barošanas un piedziņas sistēmu, darbību.;Zinātne
17-2131.00;Materiālu inženieris;Novērtē materiālus un izstrādā iekārtas un procesus, lai ražotu materiālus lietošanai produktos, kuriem jāatbilst specializētām dizaina un veiktspējas specifikācijām. Izstrādā jaunus lietojumus zināmiem materiāliem. Ietver tos inženierus, kas strādā ar kompozītmateriāliem vai specializējas viena veida materiālos, piemēram, grafītā, metālā un metālu sakausējumos, keramikā un stiklā, plastmasā un polimēros, kā arī dabā sastopamos materiālos. Ietver metalurgus un metalurģijas inženierus, keramikas inženierus un metināšanas inženierus.;Zinātne
17-2141.00;Mašīnbūves inženieris;Veic inženiertehniskos pienākumus instrumentu, dzinēju, mašīnu un citu mehāniski funkcionējošu iekārtu plānošanā un projektēšanā. Pārraudzī tādu iekārtu kā centralizēto siltuma, gāzes, ūdens un tvaika sistēmu uzstādīšanu, darbību, apkopi un remontu.;Zinātne
17-2141.01;Kurināmā elementu inženieris;Projektē, novērtē, pārveido vai konstruē kurināmā elementu komponentus vai sistēmas transportēšanai, stacionāriem vai pārnēsājamiem lietojumiem.;Zinātne
17-2141.02;Automobiļu inženieris;Izstrādā jaunus vai uzlabotus transportlīdzekļu konstrukcijas elementu, dzinēju, transmisiju vai citu transportlīdzekļu sistēmu dizainus, izmantojot datorizētas projektēšanas tehnoloģijas. Transportlīdzekļa vai komponentu tieša izgatavošana, modificēšana vai testēšana.;Zinātne
17-2151.00;Kalnrūpniecības un ģeoloģijas inženieris, tostarp kalnrūpniecības drošības inženieris;Veic pazemes apsekojumus, lai noteiktu potenciālo zemes vai kalnrūpniecības attīstības vietu īpašības. Var norādīt zemes atbalsta sistēmas, procesus un aprīkojumu drošai, ekonomiskai un videi nekaitīgai ieguvei vai pazemes būvniecībai. Var pārbaudīt teritorijas, lai noteiktu nedrošus ģeoloģiskos apstākļus, aprīkojumu un darba apstākļus. Var izstrādāt, īstenot un koordinēt mīnu drošības programmas.;Zinātne
17-2161.00;Kodolenerģijas inženieris;Veic pētījumus par kodolinženierijas projektiem vai piemērot kodolzinātnes principus un teoriju problēmām, kas saistītas ar kodolenerģijas izlaišanu, kontroli un izmantošanu un kodolatkritumu apglabāšanu.;Zinātne
17-2171.00;Naftas inženieris;Izstrādā metodes, lai uzlabotu naftas un gāzes ieguvi un ražošanu un noteiktu nepieciešamību pēc jaunu vai modificētu instrumentu konstrukciju. Pārraudzī urbšanu un sniedz tehniskas konsultācijas.;Zinātne
17-2199.00;Inženieris, visi pārējie;Visi inženieri nav uzskaitīti atsevišķi.;Zinātne
17-2199.03;Enerģētikas inženieris, izņemot vēja un saules enerģiju;"Izstrādā, izstrādā vai novērtē ar enerģiju saistītus projektus vai programmas, lai samazinātu enerģijas izmaksas vai uzlabotu energoefektivitāti būvniecības projektēšanas, būvniecības vai pārbūves stadijās. Var specializēties elektriskajās sistēmās; apkures, ventilācijas un gaisa kondicionēšanas (HVAC) sistēmas; zaļās ēkas; apgaismojums; gaisa kvalitāte; vai enerģijas iepirkumu.";Zinātne
17-2199.05;Mehatronikas inženieris;Izpēta, projektē, izstrādā vai testē automatizāciju, viedās sistēmas, viedierīces vai rūpniecisko sistēmu vadību.;Zinātne
17-2199.06;Mikrosistēmu inženieris;Mikroelektromehānisko sistēmu (MEMS) ierīču izpēte, projektēšana, izstrāde vai testēšana.;Zinātne
17-2199.07;Fotonikas inženieris;Dizaina tehnoloģijas, kas specializējas gaismas informācijā vai gaismas enerģijā, piemēram, lāzera vai optiskās šķiedras tehnoloģija.;Zinātne
17-2199.08;Robotikas inženieris;Izpēta, izstrādā, izstrādā vai testē robotu lietojumprogrammas.;Zinātne
17-2199.09;Nanosistēmu inženieris;Projektē, izstrādā vai uzrauga materiālu, ierīču vai sistēmu ražošanu ar unikālu molekulāru vai makromolekulāru sastāvu, izmantojot nanomēroga fizikas un elektriskās, ķīmiskās vai bioloģiskās inženierijas principus.;Zinātne
17-2199.10;Vēja enerģijas inženieris;Projektē pazemes vai virszemes vēja parku kolektoru sistēmas un sagatavo un izstrādā vietas specifikācijas.;Zinātne
17-2199.11;Saules enerģijas sistēmu inženieris;Veic vietnei specifisku inženiertehnisko analīzi vai novērtēšanu energoefektivitātes un saules enerģijas projektiem, kuros iesaistīti dzīvojamie, komerciālie vai rūpnieciskie klienti. Projektē solārās karstā ūdens un telpu apkures sistēmas jaunām un esošām konstrukcijām, izmantojot zināšanas par konstrukciju enerģijas prasībām, vietējo klimatu, saules tehnoloģiju un termodinamiku.;Zinātne
17-3011.00;Arhitektūras un civilais projektētājs;Sagatavo detalizētus ēku arhitektonisko un konstruktīvo iezīmju rasējumus vai rasējumus un topogrāfiskās reljefa kartes, ko izmanto inženiertehniskajos projektos, piemēram, automaģistrāles, tilti un sabiedriskie darbi. Lai pabeigtu rasējumus, izmanto zināšanas par būvmateriāliem, inženiertehnisko praksi un matemātiku.;Zinātne
17-3012.00;Elektriskais un elektronikas zīmētājs;Sagatavo elektroinstalācijas shēmas, shēmas plates montāžas shēmas un izkārtojuma rasējumus, ko izmanto elektrisko iekārtu ražošanai, uzstādīšanai vai remontam.;Zinātne
17-3013.00;Mehāniskais zīmētājs;Sagatavo detalizētas mašīnu un mehānisko ierīču darba shēmas, ieskaitot izmērus, stiprinājumu metodes un citu inženiertehnisko informāciju.;Zinātne
17-3019.00;Rasētājs, visi pārējie;Visi izstrādātāji nav uzskaitīti atsevišķi.;Zinātne
17-3021.00;Aviācijas un kosmosa inženieru un operāciju tehnologs un tehniķis;Darbina, instalē, pielāgo un uztur integrētas datoru/sakaru sistēmas, konsoles, simulatorus un citus datu ieguves, testēšanas un mērīšanas instrumentus un aprīkojumu, ko izmanto gaisa un kosmosa transportlīdzekļu palaišanai, izsekošanai, pozicionēšanai un novērtēšanai. Var ierakstīt un interpretē testa datus.;Zinātne
17-3022.00;Būvniecības tehnologs un tehniķis;Lieto civilās inženierijas teoriju un principus, plānojot, projektējot un pārraugot konstrukciju un iekārtu būvniecību un uzturēšanu inženieru vai fizikas zinātnieku vadībā.;Zinātne
17-3023.00;Elektrotehnikas un elektroniskās inženierijas tehnologs un tehniķis;Lieto elektrisko un elektronisko teoriju un saistītās zināšanas, parasti inženiertehniskā personāla vadībā, lai projektētu, būvētu, remontētu, pielāgotu un pārveidotu elektriskos komponentus, shēmas, vadības ierīces un iekārtas, lai pēc tam novērtētu un izmantotu inženieru personāls, pieņemot inženierprojektēšanas lēmumus.;Zinātne
17-3024.00;Elektromehānikas un mehatronikas tehnologs un tehniķis;Darbina, pārbauda, apkopo vai regulē bezpilota, automatizētas, servomehāniskas vai elektromehāniskas iekārtas. Var izmantot bezpilota zemūdenes, lidaparātus vai citu aprīkojumu, lai novērotu vai ierakstītu vizuālu informāciju tādās vietās kā naftas platformas, labības lauki, ēkas vai līdzīga infrastruktūra, dziļi okeāna izpēte vai bīstamo atkritumu izvešana. Var palīdzēt inženieriem robotikas aprīkojuma testēšanā un projektēšanā.;Zinātne
17-3024.01;Robotikas tehniķis;Veido, uzstāda, testē vai uztur robotizētu aprīkojumu vai saistītās automatizētās ražošanas sistēmas.;Zinātne
17-3025.00;Vides inženieru tehnologs un tehniķis;Pielieto vides inženierijas teoriju un principus, lai inženieru darbinieku vai zinātnieku vadībā pārveidotu, pārbaudītu un darbinātu iekārtas un ierīces, ko izmanto vides problēmu novēršanā, kontrolē un atlīdzināšanā, tostarp atkritumu apstrādē un vietas sanācijā. Var palīdzēt vides sanācijas ierīču izstrādē.;Zinātne
17-3026.00;Rūpniecības inženieru tehnologs un tehniķis;Pielieto inženierzinātņu teoriju un principus rūpnieciskā izkārtojuma vai ražošanas ražošanas problēmām, parasti inženieru personāla vadībā. Var veikt laika un kustības pētījumus par darbinieku darbībām dažādās nozarēs, piemēram, lai noteiktu standarta ražošanas ātrumus vai uzlabotu efektivitāti.;Zinātne
17-3026.01;Nanotehnoloģiju inženiertehniskie tehnologs un tehniķis;Ievieš ražošanas procesus un izmanto komerciāla mēroga ražošanas iekārtas, lai ražotu, pārbaudītu vai modificētu materiālus, ierīces vai sistēmas ar unikālu molekulāro vai makromolekulāro sastāvu. Izmanto modernu mikroskopijas aprīkojumu, lai manipulētu ar nanomēroga objektiem. Darbs nanoinženieru personāla uzraudzībā.;Zinātne
17-3027.00;Mašīnbūves tehnologs un tehniķis;Lieto mašīnbūves teoriju un principus, lai pārveidotu, izstrādātu, pārbaudītu vai pielāgotu mašīnas un iekārtas inženiertehniskā personāla vai fizikas zinātnieku vadībā.;Zinātne
17-3027.01;Automobiļu inženieru tehniķis;Palīdz inženieriem nosaka ierosināto izstrādājuma dizaina izmaiņu praktiskumu un plāno un veic eksperimentālo testa ierīču vai aprīkojuma veiktspējas, izturības vai efektivitātes testus.;Zinātne
17-3028.00;Kalibrēšanas tehnologs un tehniķis;Izpilda vai pielāgo mērīšanas ierīču kalibrēšanas procedūras un metodes, pielietojot zināšanas mērīšanas zinātnē, matemātikā, fizikā, ķīmijā un elektronikā, dažkārt inženieru vadībā. Nosaka mērīšanas standarta piemērotību mērīšanas ierīču kalibrēšanai. Var veikt aprīkojuma profilaktisko apkopi. Var veikt korektīvas darbības, lai novērstu identificētās kalibrēšanas problēmas.;Zinātne
17-3029.00;Inženiertehnoloģiju tehniķis, izņemot projektētājus, visi pārējie;Visi inženiertehniskie tehnologi un tehniķi, izņemot rasētājus, atsevišķi nav uzskaitīti.;Zinātne
17-3029.01;Nesagraujošās pārbaudes speciālists;Pārbauda konstrukciju, transportlīdzekļu vai kuģu drošību, izmantojot rentgenstaru, ultraskaņu, optisko šķiedru vai saistītu aprīkojumu.;Zinātne
17-3029.08;Fotonikas tehniķis;Izveido, uzstāda, pārbauda vai uztur optisko vai optisko šķiedru aprīkojumu, piemēram, lāzerus, lēcas vai spoguļus, izmantojot spektrometrus, interferometrus vai saistītu aprīkojumu.;Zinātne
17-3031.00;Mērniecības un kartēšanas tehniķis;Veic mērniecības un kartēšanas pienākumus, parasti inženiera, ģeodēzista, kartogrāfa vai fotogrammetrijas vadībā, lai iegūtu datus, ko izmanto būvniecībai, karšu veidošanai, robežu atrašanās vietai, ieguvei vai citiem mērķiem. Var aprēķināt karšu veidošanas informāciju un izveidot kartes no avota datiem, piemēram, uzmērīšanas piezīmēm, aerofotogrāfijām, satelītu datiem vai citām kartēm, lai parādītu topogrāfiskos objektus, politiskās robežas un citus objektus. Var pārbaudīt karšu precizitāti un pilnīgumu.;Zinātne
19-1011.00;Dzīvnieku zinātnieks;Veic pētījumus par mājas lauksaimniecības dzīvnieku ģenētiku, uzturu, reprodukciju, augšanu un attīstību.;Zinātne
19-1012.00;Pārtikas zinātnieks un tehnologs;"Izmanto ķīmiju, mikrobioloģiju, inženierzinātnes un citas zinātnes, lai izpētītu principus, kas ir pārtikas pārstrādes un bojāšanās pamatā; analizē pārtikas saturu, lai noteiktu vitamīnu, tauku, cukura un olbaltumvielu līmeni; atklāj jaunus pārtikas avotus; izpēta veidus, kā padara apstrādātu pārtiku drošu, garšīgu un veselīgu; un izmanto pārtikas zinātnes zināšanas, lai noteiktu labākos veidus, kā apstrādā, iepakot, saglabā, uzglabāt un izplatīt pārtiku.";Zinātne
19-1013.00;Augsnes un augu zinātnieks;"Veic pētījumus par kultūraugu un lauksaimniecības augu vai koku, krūmu un stādaudzētavu audzēšanu, fizioloģiju, ražošanu, ražu un apsaimniekošanu, to augšanu augsnē un kaitēkļu apkarošanu; vai pēta augsnes ķīmisko, fizikālo, bioloģisko un mineraloģisko sastāvu, kas saistīts ar augu vai kultūraugu augšanu. Var klasificēt un kartē augsnes un izpētīt alternatīvu metožu ietekmi uz augsni un kultūraugu produktivitāti.";Zinātne
19-1021.00;Bioķīmiķis un biofizikis;Pēta dzīvo šūnu un organismu ķīmisko sastāvu vai fizikālos principus, to elektrisko un mehānisko enerģiju un ar to saistītās parādības. Var veikt pētījumus, lai labāk izprastu sarežģītas ķīmiskās kombinācijas un reakcijas, kas saistītas ar vielmaiņu, reprodukciju, augšanu un iedzimtību. Var noteikt pārtikas produktu, zāļu, serumu, hormonu un citu vielu ietekmi uz dzīvo organismu audiem un dzīvības procesiem.;Zinātne
19-1022.00;Mikrobiologs;Izpēta mikroskopisko organismu, piemēram, baktēriju, aļģu vai sēnīšu, augšanu, struktūru, attīstību un citas īpašības. Ietver medicīnas mikrobiologus, kas pēta saistību starp organismiem un slimībām vai antibiotiku ietekmi uz mikroorganismiem.;Zinātne
19-1023.00;Zoologs un savvaļas biologs;Izpēta dzīvnieku un savvaļas dzīvnieku izcelsmi, uzvedību, slimības, ģenētiku un dzīvības procesus. Var specializēties savvaļas dzīvnieku izpētē un pārvaldībā. Var vākt un analizēt bioloģiskos datus, lai noteiktu pašreizējās un iespējamās zemes un ūdens biotopu izmantošanas ietekmi uz vidi.;Zinātne
19-1029.00;Bioloģijas zinātnieks, visi pārējie;Visi bioloģijas zinātnieki, kas nav uzskaitīti atsevišķi.;Zinātne
19-1029.01;Bioinformātikas zinātnieks;Veic pētījumus, izmantojot bioinformātikas teoriju un metodes tādās jomās kā farmācija, medicīnas tehnoloģijas, biotehnoloģija, skaitļošanas bioloģija, proteomika, datorinformācijas zinātne, bioloģija un medicīniskā informātika. Var izstrādāt datu bāzes un izstrādāt algoritmus genoma informācijas vai citas bioloģiskās informācijas apstrādei un analīzei.;Zinātne
19-1029.02;Molekulārais un šūnu biologs;Izpēta un izpēta šūnu molekulas un organellus, lai izprastu šūnu darbību un organizāciju.;Zinātne
19-1029.03;Ģenētiķis;Pēta un pēta pazīmju pārmantojamību molekulārā, organisma vai populācijas līmenī. Var novērtēt vai ārstēt pacientus ar ģenētiskiem traucējumiem.;Zinātne
19-1029.04;Biologs;Pēta vai pēta augu un dzīvnieku dzīves pamatprincipus, piemēram, izcelsmi, attiecības, attīstību, anatomiju un funkcijas.;Zinātne
19-1031.00;Dabas aizsardzības zinātnieks;"Pārvalda, uzlabo un aizsargā dabas resursus, lai maksimāli izmantotu tos, nekaitējot videi. Var veikt augsnes apsekojumus un izstrādāt plānus, lai novērstu augsnes eroziju vai aizsargātu ganības. Var dot norādījumus lauksaimniekiem, lauksaimnieciskās ražošanas vadītājiem vai lopkopjiem, kā vislabāk izmanto augseku, kontūraršanu vai terašu ierīkošanu, lai saglabātu augsni un ūdeni; lopkopības un lopbarības augu skaitā un veidā, kas vislabāk atbilst konkrētiem diapazoniem; kā arī diapazona un saimniecības uzlabojumos, piemēram, nožogojumos un krājumu laistīšanas rezervuāros.";Zinātne
19-1031.02;Diapazona vadītājs;Izpēta vai izpēta zemes apsaimniekošanas praksi, lai nodrošinātu ilgstošu lopbarības, mājlopu un savvaļas dzīvnieku ražošanu.;Zinātne
19-1031.03;Parka dabaszinātnieks;Plāno, izstrādā un vada programmas, lai informētu sabiedrību par nacionālā, valsts vai vietējā parka vēsturiskajām, dabas un zinātniskajām iezīmēm.;Zinātne
19-1032.00;Mežsaimnieks;Pārvalda valsts un privātās meža zemes saimnieciskiem, atpūtas un dabas aizsardzības mērķiem. Var inventarizēt stāvošo kokmateriālu veidu, daudzumu un atrašanās vietu, novērtēt kokmateriālu vērtību, vienoties par pirkumu un sastādīt iepirkuma līgumus. Var noteikt, kā saglabā savvaļas dzīvotnes, līču gultnes, ūdens kvalitāti un augsnes stabilitāti un kā vislabāk ievērot vides noteikumus. Var izstrādāt plānus jaunu koku stādīšanai un audzēšanai, uzraudzīt koku veselīgu augšanu un noteikt optimālos ražas novākšanas grafikus.;Zinātne
19-1041.00;Epidemiologs;Izpēta un apraksta slimību, invaliditātes vai veselības iznākumu noteicošos faktorus un izplatību. Var izstrādāt profilakses un kontroles līdzekļus.;Zinātne
19-1042.00;Medicīnas zinātnieks, izņemot epidemiologus;Veic pētījumus, kas nodarbojas ar izpratni par cilvēku slimībām un cilvēku veselības uzlabošanu. Iesaistīties klīniskos pētījumos, pētniecībā un attīstībā vai citās saistītās darbībās.;Zinātne
19-1099.00;Dzīvības zinātnieks, visi pārējie;Visi dzīvības zinātnieki, kas nav uzskaitīti atsevišķi.;Zinātne
19-2011.00;Astronoms;Novēro, pēta un interpretē astronomiskas parādības, lai palielinātu pamatzināšanas vai izmantotu šādu informāciju praktiskām problēmām.;Zinātne
19-2012.00;Fiziķis;Veic fizikālo parādību izpēti, izstrādā teorijas, pamatojoties uz novērojumiem un eksperimentiem, un izstrādā metodes fizisko likumu un teoriju pielietošanai.;Zinātne
19-2021.00;Atmosfēras un kosmosa zinātnieks;Izpēta atmosfēras parādības un interpretē meteoroloģiskos datus, ko savāc virszemes un gaisa stacijas, satelīti un radari, lai sagatavotu ziņojumus un prognozes publiskai un citai lietošanai. Ietver laikapstākļu analītiķus un prognozētājus, kuru funkcijām ir nepieciešamas detalizētas zināšanas meteoroloģijā.;Zinātne
19-2031.00;Ķīmiķis;Laboratorijās veic kvalitatīvas un kvantitatīvās ķīmiskās analīzes vai eksperimentus kvalitātes vai procesa kontrolei vai jaunu produktu vai zināšanu izstrādei.;Zinātne
19-2032.00;Materiālzinātnieks;Pēta un pēta dažādu dabisko un sintētisko vai kompozītmateriālu, tostarp metālu, sakausējumu, gumijas, keramikas, pusvadītāju, polimēru un stikla, struktūras un ķīmiskās īpašības. Nosaka veidus, kā stiprināt vai apvienot materiālus vai izstrādā jaunus materiālus ar jaunām vai specifiskām īpašībām izmantošanai dažādos produktos un lietojumos. Ietver stikla zinātniekus, keramikas zinātniekus, metalurģijas zinātniekus un polimēru zinātniekus.;Zinātne
19-2041.00;Vides zinātnieks un speciālists, tostarp veselība;Veic izpēti vai veic izmeklēšanu, lai identificētu, samazinātu vai likvidētu piesārņotāju vai apdraudējumu avotus, kas ietekmē vidi vai sabiedrības veselību. Izmantojot zināšanas par dažādām zinātnes disciplīnām, var vākt, sintezē, pēta, ziņo un iesaka darbības, pamatojoties uz datiem, kas iegūti no gaisa, pārtikas, augsnes, ūdens un citu avotu mērījumiem vai novērojumiem.;Zinātne
19-2041.01;Klimata pārmaiņu politikas analītiķis;Pēta un analizē politikas attīstību saistībā ar klimata pārmaiņām. Sniedz ar klimatu saistītus ieteikumus darbībām, piemēram, tiesību aktiem, izpratnes veidošanas kampaņām vai līdzekļu vākšanas metodēm.;Zinātne
19-2041.02;Vides atjaunošanas plānotājs;Sadarbojas ar lauka un bioloģijas darbiniekiem, lai pārraudzītu atjaunošanas projektu īstenošanu un izstrādātu jaunus produktus. Apstrādā un sintezē sarežģītus zinātniskos datus praktiskās atjaunošanas, uzraudzības vai pārvaldības stratēģijās.;Zinātne
19-2041.03;Industriālais ekologs;Pielieto dabisko ekosistēmu principus un procesus, lai izstrādātu modeļus efektīvām industriālajām sistēmām. Izmanto zināšanas no fiziskajām un sociālajām zinātnēm, lai maksimāli efektīvi izmantotu dabas resursus preču un pakalpojumu ražošanā un izmantošanā. Izpēta sabiedrības problēmas un to saistību ar tehniskajām sistēmām un vidi.;Zinātne
19-2042.00;Ģeozinātnieks, izņemot hidrologus un ģeogrāfus;"Izpēta Zemes sastāvu, struktūru un citus fiziskos aspektus. Var izmantot ģeoloģijas, fizikas un matemātikas zināšanas naftas, gāzes, minerālu vai pazemes ūdens izpētē; vai atkritumu apglabāšanā, meliorācijā vai citās vides problēmās. Var pētīt Zemes iekšējo sastāvu, atmosfēru un okeānus, kā arī tās magnētiskos, elektriskos un gravitācijas spēkus. Ietver mineralogus, paleontologus, stratigrāfus, ģeodēzistus un seismologus.";Zinātne
19-2043.00;Hidrologs;"Pēta pazemes un virszemes ūdeņu izplatību, cirkulāciju un fizikālās īpašības; un izpēta nokrišņu formu un intensitāti un to iesūkšanās augsnē ātrumu, pārvietošanos pa zemi un atgriešanos okeānā un atmosfērā.";Zinātne
19-2099.00;Fizikas zinātnieks, visi pārējie;Visi fizikas zinātnieki, kas nav uzskaitīti atsevišķi.;Zinātne
19-2099.01;Tālvadības zinātnieks un tehnologs;Lieto attālās uzrādes principus un metodes, lai analizētu datus un risinātu problēmas tādās jomās kā dabas resursu pārvaldība, pilsētplānošana vai iekšzemes drošība. Var izstrādāt jaunas sensoru sistēmas, analītiskās metodes vai jaunus lietojumus esošajām sistēmām.;Zinātne
19-3011.00;Ekonomists;Veic izpēti, sagatavo ziņojumus vai formulē plānus, lai risinātu ekonomiskās problēmas, kas saistītas ar preču un pakalpojumu ražošanu un izplatīšanu vai monetāro un fiskālo politiku. Var vākt un apstrādāt ekonomiskos un statistikas datus, izmantojot izlases metodes un ekonometriskās metodes.;Analītika
19-3011.01;Vides ekonomists;Veic ekonomisko analīzi saistībā ar vides aizsardzību un dabas vides, piemēram, ūdens, gaisa, zemes un atjaunojamo energoresursu izmantošanu. Novērtē un kvantificē alternatīvu iespēju ieguvumus, izmaksas, stimulus un ietekmi, izmantojot ekonomiskos principus un statistikas metodes.;Zinātne
19-3022.00;Aptaujas pētnieks;Plāno, izstrādā vai veic aptaujas. Var analizēt un interpretē aptaujas datu nozīmi, noteikt aptaujas mērķus vai ieteikt vai pārbaudīt jautājuma formulējumu. Ietver sociālos zinātniekus, kuri galvenokārt izstrādā anketas vai uzrauga aptauju komandas.;Analītika
19-3032.00;Rūpnieciskās organizācijas psihologs;"Piemērot psiholoģijas principus cilvēkresursu, administrācijas, vadības, pārdošanas un mārketinga problēmām. Darbības var ietvert politikas plānošanu; darbinieku pārbaude un atlase, apmācība un attīstība; un organizācijas attīstība un analīze. Var strādāt ar vadību, lai organizētu darba apstākļus, lai uzlabotu darbinieku produktivitāti.";Sociālais
19-3033.00;Klīniskais un konsultējošais psihologs;Novērtē, diagnosticē un ārstē indivīdu garīgos un emocionālos traucējumus, izmantojot novērojumus, intervijas un psiholoģiskos testus. Palīdz personām ar ciešanām vai nepareizu pielāgošanos izprast viņu problēmas, izmantojot zināšanas par gadījumu vēsturi, intervijas ar pacientiem un teoriju. Sniedz individuālus vai grupu konsultācijas pakalpojumus, lai palīdzētu indivīdiem sasniedz efektīvāku personīgo, sociālo, izglītības un profesionālo attīstību un pielāgošanos. Var izstrādāt uzvedības modifikācijas programmas un konsultēties ar medicīnas personālu par labāko ārstēšanu pacientiem.;Zinātne
19-3034.00;Skolas psihologs;Diagnosticē un ievieš individuālus vai skolas mēroga pasākumus vai stratēģijas, lai risinātu izglītības, uzvedības vai attīstības problēmas, kas nelabvēlīgi ietekmē izglītības darbību skolā. Var risināt skolēnu mācīšanās un uzvedības problēmas un konsultēt studentus vai ģimenes. Var izstrādāt un īstenot darbības plānus un novērtēt veiktspēju. Var konsultēties ar citiem skolas darbiniekiem.;Zinātne
19-3039.00;Psihologs, visi pārējie;Visi psihologi nav uzskaitīti atsevišķi.;Zinātne
19-3039.02;Neiropsihologists;Lieto neiropsiholoģijas teorijas un principus, lai novērtētu un diagnosticētu augstākas smadzeņu darbības traucējumus, bieži vien pētniecības un medicīnas vidē. Izpēta cilvēka smadzenes un fizioloģisko stāvokļu ietekmi uz cilvēka izziņu un uzvedību. Var izstrādāt un vadīt ārstēšanas programmas.;Zinātne
19-3039.03;Klīniskais neiropsihologists;Novērtē un diagnosticē pacientus ar neiro-uzvedības problēmām, kas saistītas ar iegūtiem vai attīstības traucējumiem nervu sistēmā, piemēram, neirodeģeneratīviem traucējumiem, traumatisku smadzeņu traumu, krampju traucējumiem un mācīšanās traucējumiem. Iesaka ārstēšanu pēc diagnozes noteikšanas, piemēram, terapiju, medikamentus vai operāciju. Palīdz novērtēt pirms un pēc neiroķirurģiskām procedūrām, piemēram, dziļas smadzeņu stimulācijas.;Zinātne
19-3041.00;Sociologs;Izpēta cilvēku sabiedrību un sociālo uzvedību, pārbaudot cilvēku veidotās grupas un sociālās institūcijas, kā arī dažādas sociālās, reliģiskās, politiskās un biznesa organizācijas. Var pētīt grupu uzvedību un mijiedarbību, izseko to izcelsmei un izaugsmei, kā arī analizē grupas aktivitāšu ietekmi uz atsevišķiem dalībniekiem.;Zinātne
19-3051.00;Pilsētplānotājs un reģionālais plānotājs;Izstrādā visaptverošus plānus un programmas zemes un fizisko objektu izmantošanai jurisdikcijās, piemēram, pilsētās, pilsētās, apgabalos un lielpilsētu teritorijās.;Zinātne
19-3091.00;Antropologi un arheologi;Izpēta cilvēku izcelsmi, attīstību un uzvedību. Var pētīt cilvēku dzīvesveidu, valodu vai fiziskās īpašības dažādās pasaules daļās. Var iesaistīties sistemātiskā materiālo pierādījumu, piemēram, darbarīku vai trauku, kas palikuši no pagātnes cilvēku kultūrām, atgūšanā un pārbaudē, lai noteiktu agrāko civilizāciju vēsturi, paražas un dzīves paradumus.;Zinātne
19-3092.00;Ģeogrāfi;Pēta Zemes virsmas laukumu raksturu un izmantošanu, saista un interpretē fizisko un kultūras parādību mijiedarbību. Veic izpēti par reģiona fiziskajiem aspektiem, tostarp zemes formām, klimatu, augsni, augiem un dzīvniekiem, un veic pētījumus par cilvēka darbību telpisko ietekmi noteiktā apgabalā, tostarp sociālajām īpašībām, ekonomiskajām aktivitātēm un politisko organizāciju, kā arī pētot reģionu savstarpējo atkarību mērogā no lokāla līdz globālam.;Zinātne
19-3093.00;Vēsturnieks;Pēta, analizē, reģistrē un interpretē pagātni, kas ierakstīta avotos, piemēram, valdības un iestāžu ierakstos, laikrakstos un citos periodiskajos izdevumos, fotogrāfijās, intervijās, filmās, elektroniskajos plašsaziņas līdzekļos un nepublicētos manuskriptos, piemēram, personīgās dienasgrāmatās un vēstulēs.;Zinātne
19-3094.00;Politikas zinātnieks;Izpēta politisko sistēmu izcelsmi, attīstību un darbību. Var pētīt tādas tēmas kā sabiedriskā doma, politisko lēmumu pieņemšana un ideoloģija. Var analizēt valdību, kā arī dažādu politisko vienību struktūru un darbību. Var veikt sabiedriskās domas aptaujas, analizēt vēlēšanu rezultātus vai analizēt publiskos dokumentus.;Zinātne
19-3099.00;Sociālie zinātnieki un saistītie darbinieki, visi pārējie;Visi sociālie zinātnieki un saistītie darbinieki, kas nav uzskaitīti atsevišķi.;Zinātne
19-3099.01;Transporta plānotājs;Sagatavo pētījumus piedāvātajiem transporta projektiem. Apkopo, apkopo un analizē datus. Izpēta transporta sistēmu izmantošanu un darbību. Izstrādā transporta modeļus vai simulācijas.;Zinātne
19-4012.00;Lauksaimniecības tehniķi;Strādā ar lauksaimniecības zinātniekiem augu, šķiedrvielu un dzīvnieku izpētē vai palīdz dzīvnieku audzēšanā un barošanā. Iestata vai uztur laboratorijas aprīkojumu un savāc paraugus no kultūraugiem vai dzīvniekiem. Sagatavo paraugus vai ieraksta datus, lai palīdzētu zinātniekiem bioloģijas vai saistītos dzīvības zinātnes eksperimentos. Veic testus un eksperimentus, lai uzlabotu ražu un labības kvalitāti vai palielinātu augu un dzīvnieku izturību pret slimībām vai kukaiņiem.;Zinātne
19-4012.01;Precīzās lauksaimniecības tehniķi;Lieto ģeotelpiskās tehnoloģijas, tostarp ģeogrāfiskās informācijas sistēmas (GIS) un globālās pozicionēšanas sistēmu (GPS), lauksaimnieciskās ražošanas vai pārvaldības darbībām, piemēram, kaitēkļu izpēti, vietnei specifisku pesticīdu lietošanu, ražas kartēšanu vai mainīgas ātruma apūdeņošanu. Var izmantot datorus, lai izstrādātu vai analizētu kartes vai attālās uzrādes attēlus, lai salīdzinātu fizisko topogrāfiju ar datiem par augsni, mēslojumu, kaitēkļiem vai laikapstākļiem.;Zinātne
19-4013.00;Pārtikas zinātnes tehniķi;Sadarbojas ar pārtikas zinātniekiem vai tehnologiem, lai veiktu standartizētus kvalitatīvus un kvantitatīvus testus, lai noteiktu pārtikas vai dzērienu produktu fizikālās vai ķīmiskās īpašības. Ietver tehniķus, kas palīdz pētniecībā un ražošanas tehnoloģiju attīstībā, kvalitātes kontrolē, iepakošanā, pārstrādē un pārtikas produktos.;Zinātne
19-4021.00;Bioloģijas tehniķi;Palīdz bioloģiskajiem un medicīnas zinātniekiem. Iestata, darbina un uztur laboratorijas instrumentus un iekārtas, uzrauga eksperimentus, vāc datus un paraugus, veic novērojumus, kā arī aprēķina un pieraksta rezultātus. Var analizēt organiskās vielas, piemēram, asinis, pārtiku un zāles.;Zinātne
19-4031.00;Ķīmijas tehniķi;Veic ķīmiskās un fizikālās laboratorijas testus, lai palīdzētu zinātniekiem veic kvalitatīvu un kvantitatīvu cietvielu, šķidrumu un gāzveida materiālu analīzi jaunu produktu vai procesu izpētei un izstrādei, kvalitātes kontrolei, vides standartu uzturēšanai un citam darbam, kas saistīts ar ķīmijas un saistīto zinātņu eksperimentālu, teorētisku vai praktisku pielietojumu.;Zinātne
19-4042.00;Vides zinātnes un aizsardzības tehniķi, tostarp veselība;Vides zinātnieka, inženiera vai cita speciālista vadībā veic laboratorijas un lauka testus, lai uzraudzītu vidi un izmeklētu piesārņojuma avotus, tostarp tos, kas ietekmē veselību. Var savākt gāzu, augsnes, ūdens un citu materiālu paraugus testēšanai.;Zinātne
19-4043.00;Ģeoloģijas tehniķi, izņemot hidroloģijas tehniķus;Palīdz zinātniekiem vai inženieriem izmanto elektroniskus, skaņas vai kodolmērīšanas instrumentus laboratorijas, izpētes un ražošanas darbībās, lai iegūtu datus, kas norāda uz tādiem resursiem kā metāla rūda, minerāli, gāze, ogles vai nafta. Analizē dubļus un urbj atgriezumus. Diagrammas spiediens, temperatūra un citi aku vai urbumu raksturlielumi.;Zinātne
19-4044.00;Hidroloģijas tehniķi;Vāc un kārto datus par gruntsūdeņu un virszemes ūdeņu izplatību un apriti, kā arī datus par to fizikālajām, ķīmiskajām un bioloģiskajām īpašībām. Mēra plūsmas ātrumu un gruntsūdens līmeni un ziņo par tiem, uztur lauka aprīkojumu, savāc ūdens paraugus, uzstāda un savāc paraugu ņemšanas iekārtas un apstrādā paraugus nosūtīšanai uz testēšanas laboratorijām. Var vākt datus hidrologu, inženieru, izstrādātāju, valsts aģentūru vai lauksaimniecības vārdā.;Zinātne
19-4051.00;Kodoltehniķi;Palīdz kodolfiziķiem, kodolinženieriem vai citiem zinātniekiem laboratorijas, elektroenerģijas ražošanas vai elektroenerģijas ražošanas darbībās. Var darboties, uzturēt vai nodrošināt kodolizmēģinājumu un pētniecības iekārtu kvalitātes kontroli. Var kontrolēt starojumu.;Zinātne
19-4051.02;Kodolenerģijas uzraudzības tehniķi;Savāc un pārbauda paraugus, lai uzraudzītu kodoleksperimentu rezultātus un cilvēku, iekārtu un vides piesārņojumu.;Zinātne
19-4061.00;Sociālo zinātņu pētniecības asistenti;Palīdz sociālajiem zinātniekiem laboratorijas, aptaujas un citos sociālo zinātņu pētījumos. Var palīdzēt sagatavo rezultātus publicēšanai un palīdzēt laboratorijas analīzēs, kvalitātes kontrolē vai datu pārvaldībā.;Zinātne
19-4071.00;Meža un dabas aizsardzības tehniķi;Sniedz tehnisko palīdzību saistībā ar augsnes, ūdens, mežu vai saistīto dabas resursu saglabāšanu. Var mežsaimnieku vadībā apkopo datus par meža platību lielumu, saturu, stāvokli un citiem raksturlielumiem vai apmācīt un vadīt meža darbiniekus meža pavairošanā un ugunsgrēku novēršanā un dzēšanā. Var palīdzēt dabas aizsardzības zinātniekiem pārvalda, uzlabot un aizsargā ganības un savvaļas dzīvotnes.;Zinātne
19-4092.00;Tiesu medicīnas tehniķi;Vāc, identificē, klasificē un analizē ar kriminālizmeklēšanu saistītus lietiskus pierādījumus. Veic ieroču vai vielu, piemēram, šķiedru, matu un audu, testus, lai noteiktu nozīmi izmeklēšanai. Var liecināt kā ekspertu liecinieki par pierādījumiem vai noziegumu laboratorijas metodēm. Var kalpot kā speciālisti tādās kompetences jomās kā ballistika, pirkstu nospiedumu noņemšana, rokraksts vai bioķīmija.;Zinātne
19-4099.00;Dzīvības, fizisko un sociālo zinātņu tehniķi, viss pārējais;Visi dzīves, fizisko un sociālo zinātņu tehniķi nav atsevišķi uzskaitīti.;Zinātne
19-4099.01;Kvalitātes kontroles analītiķi;Veic testus, lai noteiktu izejvielu, beztaras starpproduktu un gatavo produktu kvalitāti. Var veikt stabilitātes paraugu pārbaudes.;Zinātne
19-4099.03;Tālvadības tehniķi;Izmanto attālās uzrādes tehnoloģijas, lai palīdzētu zinātniekiem tādās jomās kā dabas resursi, pilsētplānošana vai iekšzemes drošība. Var sagatavot lidojumu plānus vai sensoru konfigurācijas lidojuma braucieniem.;Zinātne
19-5011.00;Darba aizsardzības speciālisti;Pārskata, novērtē un analizē darba vidi un izstrādā programmas un procedūras, lai kontrolētu, novērstu un novērstu slimības vai ievainojumus, ko izraisa ķīmiski, fizikāli un bioloģiski aģenti vai ergonomiski faktori. Var veikt pārbaudes un nodrošināt to likumu un noteikumu ievērošanu, kas regulē personu veselību un drošību. Var strādāt valsts vai privātajā sektorā.;Zinātne
19-5012.00;Darba veselības un drošības tehniķi;Savāc datus par darba vidi, lai tos analizētu arodveselības un drošības speciālisti. Īsteno un vada programmas, kas izstrādātas, lai ierobežotu ķīmisko, fizikālo, bioloģisko un ergonomisko risku darbiniekiem.;Zinātne
21-1011.00;Vielu lietošanas un uzvedības traucējumu konsultanti;Konsultē un konsultē personas ar alkohola, tabakas, narkotiku vai citām problēmām, piemēram, azartspēlēm un ēšanas traucējumiem. Var konsultēt personas, ģimenes vai grupas vai iesaistīties profilakses programmās.;Sociālais
21-1012.00;Izglītības, karjeras atbalsta un karjeras konsultants un padomdevējs;Konsultē un palīdz studentiem un nodrošina izglītības un profesionālās orientācijas pakalpojumus.;Sociālais
21-1013.00;Laulību un ģimenes terapeiti;Diagnosticē un ārstē garīgos un emocionālos traucējumus, neatkarīgi no tā, vai tie ir kognitīvi, emocionāli vai uzvedības traucējumi laulības un ģimenes sistēmu kontekstā. Pielieto psihoterapeitiskās un ģimenes sistēmu teorijas un metodes, sniedzot pakalpojumus indivīdiem, pāriem un ģimenēm, lai ārstētu šādus diagnosticētus nervu un garīgos traucējumus.;Sociālais
21-1014.00;Garīgās veselības konsultanti;"Konsultē un konsultē personas un grupas, lai veicinātu optimālu garīgo un emocionālo veselību, uzsvaru liekot uz profilaksi. Var palīdzēt cilvēkiem risina dažādas garīgās veselības problēmas, piemēram, tās, kas saistītas ar atkarībām un vielu lietošanu; ģimenes, vecāku un laulības problēmas; stresa vadība; pašcieņa; vai novecošanās.";Sociālais
21-1015.00;Rehabilitācijas konsultanti;Konsultē personas, lai palielinātu to personu neatkarību un nodarbināmību, kuras saskaras ar personiskām, sociālām un profesionālām grūtībām, kas radušās iedzimtu defektu, slimību, slimību, nelaimes gadījumu, novecošanas vai ikdienas dzīves stresa dēļ. Koordinē aktivitātes aprūpes un ārstniecības iestāžu iemītniekiem. Novērtē klientu vajadzības un izstrādā un īsteno rehabilitācijas programmas, kas var ietvert personīgās un profesionālās konsultācijas, apmācību un iekārtošanu darbā.;Sociālais
21-1019.00;Padomnieki, visi pārējie;Visi konsultanti nav uzskaitīti atsevišķi.;Sociālais
21-1021.00;Bērnu, ģimenes un skolas sociālais darbinieks;Sniedz sociālos pakalpojumus un palīdzību, lai uzlabotu bērnu un viņu ģimeņu sociālo un psiholoģisko funkcionēšanu un palielinātu ģimenes labklājību un bērnu akadēmisko darbību. Var palīdzēt vecākiem, organizēt adopciju un atrast audžuģimenes pamestiem vai vardarbībā cietušiem bērniem. Skolās viņi risina tādas problēmas kā pusaudžu grūtniecība, nepareiza uzvedība un skolas kavēšana. Var arī konsultēt skolotājus.;Sociālais
21-1022.00;Veselības aprūpes sociālais darbinieks;Sniedz indivīdiem, ģimenēm un grupām psihosociālo atbalstu, kas nepieciešams, lai tiktu galā ar hroniskām, akūtām vai galīgām slimībām. Pakalpojumi ietver konsultācijas ģimenes aprūpētājiem. Sniedz pacientiem informāciju un konsultācijas, kā arī nosūtīt nosūtījumus uz citiem pakalpojumiem. Var nodrošināt arī gadījumu un aprūpes vadību vai intervences, kas paredzētas veselības veicināšanai, slimību profilaksei un veselības aprūpes pieejamības šķēršļu novēršanai.;Sociālais
21-1023.00;Garīgās veselības un vielu lietošanas sociālais darbinieks;Novērtē un ārstē personas ar garīgām, emocionālām vai atkarības problēmām, tostarp pārmērīgu alkohola, tabakas un/vai citu narkotiku lietošanu. Pasākumi var ietvert individuālo un grupu terapiju, krīzes iejaukšanos, gadījumu pārvaldību, klientu aizstāvību, profilaksi un izglītošanu.;Sociālais
21-1029.00;Sociālie darbinieki, visi pārējie;Visi sociālie darbinieki nav atsevišķi uzskaitīti.;Sociālais
21-1091.00;Veselības izglītības speciālisti;Nodrošina un pārvalda veselības izglītības programmas, kas palīdz indivīdiem, ģimenēm un viņu kopienām maksimāli palielināt un uztur veselīgu dzīvesveidu. Izmanto datus, lai noteiktu kopienas vajadzības pirms tādu programmu plānošanas, ieviešanas, uzraudzības un novērtēšanas, kas izstrādātas, lai veicinātu veselīgu dzīvesveidu, politiku un vidi. Var saistīt veselības sistēmas, veselības pakalpojumu sniedzējus, apdrošinātājus un pacientus, lai apmierinātu individuālās un iedzīvotāju veselības vajadzības. Var kalpot kā resurss, lai palīdzētu indivīdiem, citiem veselības aprūpes speciālistiem vai sabiedrībai, un var administrēt fiskālos resursus veselības izglītības programmām.;Sociālais
21-1092.00;Probācijas darbinieki un korekcijas ārstēšanas speciālisti;Sniedz sociālos pakalpojumus, lai palīdzētu rehabilitēt likumpārkāpējus apcietinājumā vai probācijas laikā vai nosacīti pirms termiņa. Sniedz ieteikumus darbībām, kas ietver rehabilitācijas plāna izstrādi un likumpārkāpēja ārstēšanu, tostarp nosacītu atbrīvošanu un izglītības un nodarbinātības nosacījumus.;Sociālais
21-1093.00;Sociālo un cilvēkresursu asistenti;Palīdz citiem sociālo un cilvēkpakalpojumu sniedzējiem sniedz klientu pakalpojumus dažādās jomās, piemēram, psiholoģijā, rehabilitācijā vai sociālajā darbā, ieskaitot atbalstu ģimenēm. Var palīdzēt klientiem nosaka un iegūst pieejamos pabalstus un sociālos un sabiedriskos pakalpojumus. Var palīdzēt sociālajiem darbiniekiem izstrādā, organizēt un vadīt programmas, lai novērstu un atrisinātu problēmas, kas saistītas ar vielu lietošanu, cilvēku attiecībām, rehabilitāciju vai apgādājamo aprūpi.;Sociālais
21-1094.00;Kopienas veselības aprūpes darbinieks;Veicina veselību sabiedrībā, palīdzot indivīdiem pieņem veselīgu uzvedību. Darbojas kā indivīdu veselības vajadzību aizstāvis, palīdzot kopienas iedzīvotājiem efektīvi sazinās ar veselības aprūpes sniedzējiem vai sociālo pakalpojumu aģentūrām. Rīkoies kā sadarbības partneris vai aizstāv un īsteno programmas, kas veicina, uztur un uzlabo indivīda un kopienas veselību kopumā. Var nodrošināt ar veselību saistītus profilaktiskus pakalpojumus, piemēram, asinsspiediena, glaukomas un dzirdes pārbaudes. Var vākt datus, lai palīdzētu nosaka kopienas veselības vajadzības.;Sociālais
21-1099.00;Sabiedrisko un sociālo dienestu speciālists, visi pārējie;Visi sabiedrisko un sociālo pakalpojumu speciālisti nav atsevišķi uzskaitīti.;Sociālais
21-2011.00;Garīdznieks;Veic reliģisku pielūgsmi un veic citas garīgas funkcijas, kas saistītas ar reliģiskās ticības vai konfesijas uzskatiem un praksi. Sniedz locekļiem garīgu un morālu vadību un palīdzību.;Sociālais
21-2021.00;Direktors, reliģiskās aktivitātes un izglītība;Koordinē vai izstrādā programmas un veic pasākumus, lai veicinātu konfesionālas grupas reliģisko izglītību vai aktivitātes. Var sniegt konsultācijas, vadību un vadību saistībā ar laulības, veselības, finansiālām un reliģiskām problēmām.;Sociālais
21-2099.00;Reliģiskais darbinieks, visi pārējie;Visi reliģiskie darbinieki, kas nav uzskaitīti atsevišķi.;Sociālais
23-1011.00;Jurists;Pārstāv klientus krimināllietās un civillietās un citos tiesvedības procesos, noformēt juridiskos dokumentus vai vada vai konsultē klientus juridiskajos darījumos. Var specializēties vienā jomā vai praktizēt plaši daudzās tiesību jomās.;Tieslietas
23-1012.00;Tiesu lietu ierēdnis;Palīdz tiesnešiem tiesā vai veicot pētījumus vai sagatavojot juridiskus dokumentus.;Tieslietas
23-1021.00;Administratīvo tiesību tiesnesis, tiesnesis un uzklausīšanas amatpersona;Rīko uzklausīšanas, lai ieteiktu vai pieņemtu lēmumus par prasībām saistībā ar valdības programmām vai citiem ar valdību saistītiem jautājumiem. Nosaka atbildību, sankcijas vai sodus vai iesaka pieņem vai noraidīt prasības vai izlīgumus.;Tieslietas
23-1022.00;Šķīrējtiesnesis, starpnieks un samierinātājs;Veicina sarunas un konfliktu risināšanu, izmantojot dialogu. Risina konfliktus ārpus tiesu sistēmas ar iesaistīto pušu savstarpēju piekrišanu.;Tieslietas
23-1023.00;Tiesneši, miertiesneši un magistrāti;Sniedz šķīrējtiesu, konsultē, spriež vai izpilda taisnīgumu tiesā. Var piespriest apsūdzēto krimināllietās saskaņā ar valdības statūtiem vai sodu noteikšanas vadlīnijām. Var noteikt atbildētāja atbildību civillietās. Var veikt kāzu ceremonijas.;Tieslietas
23-2011.00;Juristu palīgi un juridiskie asistenti;Palīdz juristiem, izmeklējot faktus, sagatavojot juridiskus dokumentus vai pētot juridisku precedentu. Veic izpēti, lai atbalstītu tiesvedību, formulētu aizstāvību vai uzsāktu tiesvedību.;Tieslietas
23-2093.00;Īpašumtiesību pārbaudītāji, referenti un meklētāji;Meklē nekustamā īpašuma ierakstus, pārbauda nosaukumus vai apkopo attiecīgos juridiskos vai apdrošināšanas dokumentus vai informāciju dažādiem mērķiem. Var izveidot sarakstus ar hipotēkām, līgumiem un citiem ar īpašumtiesībām saistītu instrumentu sarakstus, meklējot juridisko firmu, nekustamā īpašuma aģentūru vai īpašumtiesību apdrošināšanas sabiedrību publiskos un privātos ierakstus.;Tieslietas
23-2099.00;Juridiskā atbalsta darbinieki, visi pārējie;Visi juridiskā atbalsta darbinieki, kas nav uzskaitīti atsevišķi.;Tieslietas
25-1011.00;Biznesa skolotājs, pēcvidusskolas;Pasniedz kursus uzņēmējdarbības vadībā un vadībā, piemēram, grāmatvedībā, finansēs, cilvēkresursos, darba un darba attiecībās, mārketingā un operāciju izpētē. Ietver gan skolotājus, kas galvenokārt nodarbojas ar mācīšanu, gan tos, kuri apvieno mācīšanu un pētniecību.;Izglītība
25-1021.00;Datorzinātņu skolotājs, pēcvidusskolas;Pasniedz kursus datorzinātnēs. Var specializēties kādā datorzinātņu jomā, piemēram, datoru dizainā un funkcijās vai operācijās un pētniecības analīzē. Ietver gan skolotājus, kas galvenokārt nodarbojas ar mācīšanu, gan tos, kuri apvieno mācīšanu un pētniecību.;Izglītība
25-1022.00;Matemātikas zinātņu skolotājs, pēcvidusskolas;Pasniedz kursus, kas attiecas uz matemātikas jēdzieniem, statistiku un aktuāro zinātni, kā arī oriģinālu un standartizētu matemātisko metožu pielietošanu konkrētu problēmu un situāciju risināšanā. Ietver gan skolotājus, kas galvenokārt nodarbojas ar mācīšanu, gan tos, kuri apvieno mācīšanu un pētniecību.;Izglītība
25-1031.00;Arhitektūras skolotājs, pēcvidusskolas;Pasniedz arhitektūras un arhitektūras dizaina kursus, piemēram, arhitektūras vides dizains, interjera arhitektūra/dizains un ainavu arhitektūra. Ietver gan skolotājus, kas galvenokārt nodarbojas ar mācīšanu, gan tos, kuri apvieno mācīšanu un pētniecību.;Izglītība
25-1032.00;Inženierzinātņu skolotājs, pēcvidusskolas;Pasniedz kursus, kas attiecas uz fizisko likumu un inženierzinātņu principu piemērošanu mašīnu, materiālu, instrumentu, procesu un pakalpojumu izstrādei. Ietver tādu priekšmetu kā ķīmijas, civilās, elektriskās, rūpniecības, mehāniskās, minerālu un naftas inženierijas skolotājus. Ietver gan skolotājus, kas galvenokārt nodarbojas ar mācīšanu, gan tos, kuri apvieno mācīšanu un pētniecību.;Izglītība
25-1041.00;Lauksaimniecības zinātņu skolotājs, pēcvidusskolas;Pasniedz lauksaimniecības zinātņu kursus. Ietver agronomijas, piensaimniecības zinātņu, zivsaimniecības pārvaldības, dārzkopības zinātņu, putnkopības zinātņu, areāla apsaimniekošanas un lauksaimniecības augsnes saglabāšanas skolotājus. Ietver gan skolotājus, kas galvenokārt nodarbojas ar mācīšanu, gan tos, kuri apvieno mācīšanu un pētniecību.;Izglītība
25-1042.00;Bioloģijas zinātņu skolotājs, pēcvidusskolas;Pasniedz bioloģijas zinātņu kursus. Ietver gan skolotājus, kas galvenokārt nodarbojas ar mācīšanu, gan tos, kuri apvieno mācīšanu un pētniecību.;Izglītība
25-1043.00;Mežsaimniecības un dabas aizsardzības zinātņu skolotājs, pēcvidusskolas;Pasniedz kursus mežsaimniecības un dabas aizsardzības zinātnēs. Ietver gan skolotājus, kas galvenokārt nodarbojas ar mācīšanu, gan tos, kuri apvieno mācīšanu un pētniecību.;Izglītība
25-1051.00;Atmosfēras, Zemes, jūras un kosmosa zinātņu skolotājs, pēcvidusskolas;Pasniedz fizisko zinātņu kursus, izņemot ķīmiju un fiziku. Ietver gan skolotājus, kas galvenokārt nodarbojas ar mācīšanu, gan tos, kuri apvieno mācīšanu un pētniecību.;Izglītība
25-1052.00;Pēcvidusskolas ķīmijas skolotājs;Pasniedz kursus par vielu ķīmiskajām un fizikālajām īpašībām un sastāva izmaiņām. Darbs var ietvert kvalitatīvās un kvantitatīvās ķīmiskās analīzes metožu apmācību. Ietver gan skolotājus, kas galvenokārt nodarbojas ar mācīšanu, gan tos, kuri apvieno mācīšanu un pētniecību.;Izglītība
25-1053.00;Vides zinātņu skolotājs, pēcvidusskolas;Pasniedz vides zinātnes kursus. Ietver gan skolotājus, kas galvenokārt nodarbojas ar mācīšanu, gan tos, kuri apvieno mācīšanu un pētniecību.;Izglītība
25-1054.00;Pēcvidusskolas fizikas skolotājs;Pasniedz kursus par matērijas un enerģijas likumiem. Ietver gan skolotājus, kas galvenokārt nodarbojas ar mācīšanu, gan tos, kuri apvieno mācīšanu un pētniecību.;Izglītība
25-1061.00;Antropoloģijas un arheoloģijas skolotājs, pēcvidusskolas;Pasniedz antropoloģijas vai arheoloģijas kursus. Ietver gan skolotājus, kas galvenokārt nodarbojas ar mācīšanu, gan tos, kuri apvieno mācīšanu un pētniecību.;Izglītība
25-1062.00;Apgabala, etnisko un kultūras studiju skolotājs, pēcvidusskolas;Pasniedz kursus, kas attiecas uz apgabala, etniskās grupas vai jebkuras citas grupas kultūru un attīstību, piemēram, Latīņamerikas studijas, sieviešu studijas vai pilsētvides lietas. Ietver gan skolotājus, kas galvenokārt nodarbojas ar mācīšanu, gan tos, kuri apvieno mācīšanu un pētniecību.;Izglītība
25-1063.00;Ekonomikas skolotājs, pēcvidusskolas;Pasniedz kursus ekonomikā. Ietver gan skolotājus, kas galvenokārt nodarbojas ar mācīšanu, gan tos, kuri apvieno mācīšanu un pētniecību.;Izglītība
25-1064.00;Ģeogrāfijas skolotājs, pēcvidusskolas;Pasniedz ģeogrāfijas kursus. Ietver gan skolotājus, kas galvenokārt nodarbojas ar mācīšanu, gan tos, kuri apvieno mācīšanu un pētniecību.;Izglītība
25-1065.00;Politikas zinātņu skolotājs, pēcvidusskolas;Pasniedz kursus politikas zinātnē, starptautiskajās lietās un starptautiskajās attiecībās. Ietver gan skolotājus, kas galvenokārt nodarbojas ar mācīšanu, gan tos, kuri apvieno mācīšanu un pētniecību.;Izglītība
25-1066.00;Pēcvidusskolas psiholoģijas skolotājs;Pasniedz psiholoģijas kursus, piemēram, bērnu, klīnisko un attīstības psiholoģiju, kā arī psiholoģiskās konsultācijas. Ietver gan skolotājus, kas galvenokārt nodarbojas ar mācīšanu, gan tos, kuri apvieno mācīšanu un pētniecību.;Izglītība
25-1067.00;Socioloģijas skolotājs, pēcvidusskolas;Pasniedz socioloģijas kursus. Ietver gan skolotājus, kas galvenokārt nodarbojas ar mācīšanu, gan tos, kuri apvieno mācīšanu un pētniecību.;Izglītība
25-1069.00;Sociālo zinību skolotājs, pēcvidusskolas, visi pārējie;Visi pēcvidusskolas sociālo zinību skolotāji, kas nav uzskaitīti atsevišķi.;Izglītība
25-1071.00;Veselības specialitāšu skolotājs, pēcvidusskolas;Pasniedz kursus veselības specialitātēs tādās jomās kā zobārstniecība, laboratoriju tehnoloģija, medicīna, farmācija, sabiedrības veselība, terapija un veterinārmedicīna.;Izglītība
25-1072.00;Māsu instruktors un skolotājs, pēcvidusskolas;Demonstrē un māca pacientu aprūpi klasē un klīniskajās nodaļās māsu studentiem. Ietver gan skolotājus, kas galvenokārt nodarbojas ar mācīšanu, gan tos, kuri apvieno mācīšanu un pētniecību.;Izglītība
25-1081.00;Izglītības skolotājs, pēcvidusskolas;Pasniedz kursus, kas saistīti ar izglītību, piemēram, konsultācijas, mācību programma, konsultācijas, apmācība, skolotāju izglītība un angļu valodas kā otrās valodas mācīšana. Ietver gan skolotājus, kas galvenokārt nodarbojas ar mācīšanu, gan tos, kuri apvieno mācīšanu un pētniecību.;Izglītība
25-1082.00;Bibliotēkzinātņu skolotājs, pēcvidusskolas;Pasniedz kursus bibliotēkzinātnē. Ietver gan skolotājus, kas galvenokārt nodarbojas ar mācīšanu, gan tos, kuri apvieno mācīšanu un pētniecību.;Izglītība
25-1111.00;Krimināltiesību un tiesībaizsardzības skolotājs, pēcvidusskolas;Pasniedz kursus krimināltiesībās, labojumos un tiesībaizsardzības administrācijā. Ietver gan skolotājus, kas galvenokārt nodarbojas ar mācīšanu, gan tos, kuri apvieno mācīšanu un pētniecību.;Izglītība
25-1112.00;Tiesību skolotājs, pēcvidusskolas;Pasniedz tiesību zinātņu kursus. Ietver gan skolotājus, kas galvenokārt nodarbojas ar mācīšanu, gan tos, kuri apvieno mācīšanu un pētniecību.;Izglītība
25-1113.00;Sociālā darba skolotājs, pēcvidusskolas;Pasniedz kursus sociālajā darbā. Ietver gan skolotājus, kas galvenokārt nodarbojas ar mācīšanu, gan tos, kuri apvieno mācīšanu un pētniecību.;Izglītība
25-1121.00;Mākslas, drāmas un mūzikas skolotājs, pēcvidusskolas;Pasniedz drāmas, mūzikas un mākslas kursus, tostarp tēlotājmākslu un lietišķo mākslu, piemēram, glezniecību un tēlniecību, vai dizainu un amatniecību. Ietver gan skolotājus, kas galvenokārt nodarbojas ar mācīšanu, gan tos, kuri apvieno mācīšanu un pētniecību.;Izglītība
25-1122.00;Sakaru skolotājs, pēcvidusskolas;Pasniedz komunikāciju kursus, piemēram, organizatoriskās komunikācijas, sabiedriskās attiecības, radio/televīzijas apraide un žurnālistika. Ietver gan skolotājus, kas galvenokārt nodarbojas ar mācīšanu, gan tos, kuri apvieno mācīšanu un pētniecību.;Izglītība
25-1123.00;Angļu valodas un literatūras skolotājs, pēcvidusskolas;Pasniedz kursus angļu valodā un literatūrā, tostarp valodniecībā un salīdzinošajā literatūrā. Ietver gan skolotājus, kas galvenokārt nodarbojas ar mācīšanu, gan tos, kuri apvieno mācīšanu un pētniecību.;Izglītība
25-1124.00;Svešvalodu un literatūras skolotājs, pēcvidusskolas;Pasniedz valodas un literatūras kursus citās valodās, nevis angļu valodā. Ietver amerikāņu zīmju valodas (ASL) skolotājus. Ietver gan skolotājus, kas galvenokārt nodarbojas ar mācīšanu, gan tos, kuri apvieno mācīšanu un pētniecību.;Izglītība
25-1125.00;Vēstures skolotājs, pēcvidusskolas;Pasniedz kursus cilvēces vēsturē un historiogrāfijā. Ietver gan skolotājus, kas galvenokārt nodarbojas ar mācīšanu, gan tos, kuri apvieno mācīšanu un pētniecību.;Izglītība
25-1126.00;Filozofijas un reliģijas skolotājs, pēcvidusskolas;Pasniedz filozofijas, reliģijas un teoloģijas kursus. Ietver gan skolotājus, kas galvenokārt nodarbojas ar mācīšanu, gan tos, kuri apvieno mācīšanu un pētniecību.;Izglītība
25-1192.00;Ģimenes un patērētāju zinātņu skolotājs, pēcvidusskolas;Pasniedz kursus par bērnu aprūpi, ģimenes attiecībām, finansēm, uzturu un saistītiem priekšmetiem, kas saistīti ar mājas apsaimniekošanu. Ietver gan skolotājus, kas galvenokārt nodarbojas ar mācīšanu, gan tos, kuri apvieno mācīšanu un pētniecību.;Izglītība
25-1193.00;Atpūtas un fitnesa studiju skolotājs, pēcvidusskolas;Pasniedz kursus, kas attiecas uz atpūtu, atpūtu un fitnesa studijām, tostarp vingrojumu fizioloģiju un telpu pārvaldību. Ietver gan skolotājus, kas galvenokārt nodarbojas ar mācīšanu, gan tos, kuri apvieno mācīšanu un pētniecību.;Izglītība
25-1194.00;Karjeras/tehniskās izglītības skolotājs, pēcvidusskolas;Pasniedz profesionālos kursus, kas paredzēti, lai nodrošinātu profesionālo apmācību, kas ir zemāka par bakalaura līmeni tādos priekšmetos kā celtniecība, mehānika/remonts, ražošana, transportēšana vai kosmetoloģija, galvenokārt studentiem, kuri ir absolvējuši vidusskolu vai pabeiguši to. Mācības notiek valsts vai privātajās skolās, kuru pamatdarbība ir akadēmiskā vai profesionālā izglītība.;Izglītība
25-1199.00;Pēcvidusskolas skolotājs, visi pārējie;Visi pēcvidusskolas skolotāji nav uzskaitīti atsevišķi.;Izglītība
25-2011.00;Pirmsskolas skolotājs, izņemot speciālo izglītību;Māca pirmsskolas vecuma skolēnus, ievērojot mācību programmas vai stundu plānus, veic pasākumus, kas paredzēti, lai veicinātu sociālo, fizisko un intelektuālo izaugsmi.;Izglītība
25-2012.00;Bērnudārza skolotājs, izņemot speciālo izglītību;Māca akadēmiskās un sociālās prasmes bērnudārza audzēkņiem.;Izglītība
25-2021.00;Pamatskolas skolotājs, izņemot speciālo izglītību;Māca akadēmiskās un sociālās prasmes skolēniem pamatskolas līmenī.;Izglītība
25-2022.00;Vidusskolas skolotājs, izņemot speciālo un karjeras/tehnisko izglītību;Māca vienu vai vairākus priekšmetus studentiem vidējā, vidējā vai jaunākā vidusskolas līmenī.;Izglītība
25-2023.00;Karjeras/tehniskās izglītības skolotājs, vidusskola;Māca profesionālos, aroddarbus, karjeru vai tehniskos priekšmetus skolēniem vidējā, vidējā vai jaunākā vidusskolas līmenī.;Izglītība
25-2031.00;Vidusskolas skolotājs, izņemot speciālo un karjeras/tehnisko izglītību;Māca vienu vai vairākus priekšmetus skolēniem vidusskolas līmenī.;Izglītība
25-2032.00;Karjeras/Tehniskās izglītības skolotājs, vidusskola;Vidusskolas līmenī māca audzēkņiem profesionālos, profesionālos, karjeras vai tehniskos priekšmetus.;Izglītība
25-2051.00;Speciālās izglītības skolotājs, pirmsskola;"Māca akadēmiskās, sociālās un dzīves prasmes pirmsskolas vecuma skolēniem ar mācīšanās, emocionāliem vai fiziskiem traucējumiem. Ietver skolotājus, kuri specializējas un strādā ar skolēniem, kuri ir akli vai ar redzes traucējumiem; studenti, kuri ir nedzirdīgi vai ar dzirdes traucējumiem; un studentiem ar intelektuālās attīstības traucējumiem.";Izglītība
25-2055.00;Speciālās izglītības skolotājs, bērnudārzs;"Māca akadēmiskās, sociālās un dzīves prasmes bērnudārza audzēkņiem ar mācīšanās, emocionāliem vai fiziskiem traucējumiem. Ietver skolotājus, kuri specializējas un strādā ar skolēniem, kuri ir akli vai ar redzes traucējumiem; studenti, kuri ir nedzirdīgi vai ar dzirdes traucējumiem; un studentiem ar intelektuālās attīstības traucējumiem.";Izglītība
25-2056.00;Speciālās izglītības skolotājs, pamatskola;"Māca akadēmiskās, sociālās un dzīves prasmes pamatskolas skolēniem ar mācīšanās, emocionāliem vai fiziskiem traucējumiem. Ietver skolotājus, kuri specializējas un strādā ar skolēniem, kuri ir akli vai ar redzes traucējumiem; studenti, kuri ir nedzirdīgi vai ar dzirdes traucējumiem; un studentiem ar intelektuālās attīstības traucējumiem.";Izglītība
25-2057.00;Vidusskolas speciālās izglītības skolotājs;"Māca akadēmiskās, sociālās un dzīves prasmes vidusskolēniem ar mācīšanās, emocionāliem vai fiziskiem traucējumiem. Ietver skolotājus, kuri specializējas un strādā ar skolēniem, kuri ir akli vai ar redzes traucējumiem; studenti, kuri ir nedzirdīgi vai ar dzirdes traucējumiem; un studentiem ar intelektuālās attīstības traucējumiem.";Izglītība
25-2058.00;Speciālās izglītības skolotājs, vidusskola;"Māca akadēmiskās, sociālās un dzīves prasmes vidusskolēniem ar mācīšanās, emocionāliem vai fiziskiem traucējumiem. Ietver skolotājus, kuri specializējas un strādā ar skolēniem, kuri ir akli vai ar redzes traucējumiem; studenti, kuri ir nedzirdīgi vai ar dzirdes traucējumiem; un studentiem ar intelektuālās attīstības traucējumiem.";Izglītība
25-2059.00;Speciālās izglītības skolotājs, visi pārējie;Visi speciālās izglītības skolotāji, kas nav uzskaitīti atsevišķi.;Izglītība
25-2059.01;Pielāgotais fiziskās audzināšanas speciālists;Sniedz individualizētas fiziskās audzināšanas apmācības vai pakalpojumus bērniem, jauniešiem vai pieaugušajiem ar īpašām fiziskām vajadzībām rupjas motoriskās attīstības kavēšanās vai citu traucējumu dēļ.;Izglītība
25-3011.00;Pieaugušo pamatizglītības, pieaugušo vidējās izglītības un angļu valodas kā otrās valodas pasniedzējs;Māca vai instruē ārpusskolas jauniešus un pieaugušos pamatizglītības, lasītprasmes vai angļu valodas kā otrās valodas stundās, vai nodarbībās, lai iegūtu vidusskolas līdzvērtības sertifikātu.;Izglītība
25-3021.00;Sevis bagātināšanas skolotājs;Māca vai instruē indivīdus vai grupas ar primāro mērķi sevis bagātināšanai vai atpūtai, nevis ar profesiju, izglītības sasniegumiem, sacensībām vai piemērotību.;Izglītība
25-3031.00;Skolotāju aizvietotāji, īstermiņa;Māca studentus īslaicīgi kā parastā klases skolotāja pagaidu aizstājēju, parasti izmantojot parasto skolotāja stundu plānu.;Izglītība
25-3041.00;Pasniedzējs;Dod norādījumus atsevišķiem studentiem vai nelielām studentu grupām akadēmiskajos priekšmetos, lai atbalstītu formālas mācības klasē vai sagatavotu studentus standartizētiem vai uzņemšanas pārbaudījumiem.;Izglītība
25-3099.00;Skolotāji un pasniedzēji, viss pārējais;Visi skolotāji un pasniedzēji nav uzskaitīti atsevišķi.;Izglītība
25-4011.00;Arhivāri;Novērtē, rediģē un tieši glabā pastāvīgos ierakstus un vēsturiski vērtīgus dokumentus. Piedalās pētījumos, kuru pamatā ir arhīvu materiāli.;Izglītība
25-4012.00;Kuratori;Pārvalda kolekcijas, piemēram, mākslas darbus, kolekcionējamus priekšmetus, vēsturiskus priekšmetus vai muzeju vai citu iestāžu zinātniskus paraugus. Var veikt iestādes mācību, pētniecības vai sabiedrisko pakalpojumu darbības.;Izglītība
25-4013.00;Muzeju tehniķi un konservatori;"Atjauno, uztur vai sagatavo muzeja krājumos esošos priekšmetus glabāšanai, izpētei vai eksponēšanai. Var strādāt ar tādiem paraugiem kā fosilijas, skeleta daļas vai botānikas; vai artefakti, tekstilizstrādājumi vai māksla. Var identificēt un fiksēt objektus vai uzstādīt un sakārtot tos eksponātos. Ietver grāmatu vai dokumentu konservatorus.";Izglītība
25-4022.00;Bibliotekāri un mediju krājumu speciālisti;Pārvalda un uztur bibliotēkas vai informācijas kolekcijas publiskai vai privātai piekļuvei, izmantojot atsauces vai aizņemoties. Darbs dažādās vidēs, piemēram, izglītības iestādēs, muzejos un korporācijās, kā arī ar dažāda veida informatīvajiem materiāliem, piemēram, grāmatām, periodiskiem izdevumiem, ierakstiem, filmām un datu bāzēm. Uzdevumi var ietvert bibliotēkas materiālu iegūšanu, kataloģizēšanu un izplatīšanu, kā arī tādus lietotāju pakalpojumus kā informācijas atrašana un organizēšana, instrukciju sniegšana par piekļuvi informācijai un bibliotēkas multivides aprīkojuma iestatīšana un darbība.;Izglītība
25-4031.00;Bibliotēku tehniķi;"Palīdz bibliotekāriem, palīdzot lasītājiem izmanto bibliotēku katalogus, datu bāzes un rādītājus, lai atrastu grāmatas un citus materiālus; un atbildot uz jautājumiem, kas prasa tikai īsu standarta atsauci. Sastādīt ierakstus; šķiro un plauktos grāmatas vai citus medijus; izņem vai salabot bojātas grāmatas vai citus datu nesējus; reģistrēties patroniem; un pārbauda materiālus aprites procesā un no tā. Nomaina materiālus plauktu zonā (kaudzēm) vai failiem. Ietver grāmatu mobilo sakaru vadītājus, kas palīdz nodrošināt pakalpojumus mobilajās bibliotēkās.";Izglītība
25-9021.00;Lauku un māju apsaimniekošanas pedagogs;Instruē un konsultē personas un ģimenes, kas iesaistītas lauksaimniecībā, ar lauksaimniecību saistītos procesos vai mājas apsaimniekošanas darbībās. Demonstrē procedūras un pielieto pētījumu rezultātus, lai veicinātu lauksaimniecības un māju apsaimniekošanas darbības. Var izstrādāt izglītojošas palīdzības programmas. Var sniegt norādījumus par lauksaimniecības jautājumiem, piemēram, lauksaimniecības procesiem un metodēm, kaitēkļu apkarošanu un pārtikas nekaitīgumu, vai par mājas apsaimniekošanas jautājumiem, piemēram, budžeta plānošanu, uzturu un bērnu attīstību.;Izglītība
25-9031.00;Mācību koordinators;Izstrādā mācību materiālus, koordinē izglītības saturu un iekļaut apmācībās pašreizējās tehnoloģijas, lai sniegtu vadlīnijas pedagogiem un instruktoriem mācību programmu izstrādei un kursu vadīšanai. Var apmācīt un apmācīt skolotājus. Ietver izglītības konsultantus un speciālistus, kā arī mācību materiālu vadītājus.;Izglītība
25-9042.00;Skolotāja asistents, pirmsskolas, pamatskolas, vidusskolas un vidusskolas, izņemot speciālo izglītību;Palīdz pirmsskolas, pamatskolas, vidusskolas vai vidusskolas skolotājam veic apmācības pienākumus. Strādā amatā, kurā skolotājam ir galvenā atbildība par izglītības programmu un pakalpojumu izstrādi un ieviešanu.;Izglītība
25-9043.00;Asistents, speciālā izglītība;Palīdz pirmsskolas, pamatskolas, vidusskolas vai vidusskolas skolotājam sniedz akadēmiskās, sociālās vai dzīves prasmes skolēniem ar mācīšanās, emocionāliem vai fiziskiem traucējumiem. Strādā amatā, kurā skolotājam ir galvenā atbildība par izglītības programmu un pakalpojumu izstrādi un ieviešanu.;Izglītība
25-9044.00;Skolotāja asistents, pēcvidusskolas;Palīdz mācībspēkiem vai citam mācību personālam pēcvidusskolas iestādēs, veicot mācību atbalsta darbības, piemēram, izstrādājot mācību materiālus, vadot diskusiju grupas, sagatavojot un nododot eksāmenus, kā arī vērtējot eksāmenus vai darbus.;Izglītība
25-9049.00;Skolotāja asistents, visi pārējie;Visi skolotāju asistenti, kas nav uzskaitīti atsevišķi.;Izglītība
25-9099.00;Izglītības apmācības un bibliotēku darbinieks, visi pārējie;Visi izglītības iestāžu darbinieki un bibliotēku darbinieki, kas nav uzskaitīti atsevišķi.;Izglītība
27-1011.00;Mākslas vadītājs;Formulē dizaina koncepcijas un prezentācijas pieejas vizuālajiem darbiem un medijiem, piemēram, drukāšanai, apraidei, video un filmām. Tiešie darbinieki, kas nodarbojas ar mākslas darbu vai maketa izstrādi.;Radošums
27-1012.00;Amatniecības mākslinieks;Izveido vai pavairo ar rokām darinātus priekšmetus pārdošanai un izstādei, izmantojot dažādas metodes, piemēram, metināšanu, aušanu, keramiku un rokdarbus.;Radošums
27-1013.00;Tēlotājmākslinieki, tostarp gleznotāji, tēlnieki un ilustratori;Izveido oriģinālus mākslas darbus, izmantojot jebkuru no daudzajiem plašsaziņas līdzekļiem un paņēmieniem.;Radošums
27-1014.00;Specefektu mākslinieki un animatori;Izveido īpašus efektus vai animācijas, izmantojot filmas, video, datorus vai citus elektroniskus rīkus un multividi lietošanai produktos, piemēram, datorspēlēs, filmās, mūzikas videoklipos un reklāmās.;Radošums
27-1019.00;Mākslinieki un saistītie darbinieki, visi pārējie;Visi mākslinieki un saistītie darbinieki nav uzskaitīti atsevišķi.;Radošums
27-1021.00;Komerciālais un rūpnieciskais dizaineris;Izstrādā un izstrādā ražotus produktus, piemēram, automašīnas, sadzīves tehniku ​​un bērnu rotaļlietas. Apvieno mākslinieciskos talantus ar izpēti par produktu izmantošanu, mārketingu un materiāliem, lai izveidotu funkcionālāko un pievilcīgāko produkta dizainu.;Radošums
27-1022.00;Modes dizaineris;Dizaina apģērbi un aksesuāri. Izveido oriģinālus dizainus vai pielāgo modes tendences.;Radošums
27-1023.00;Ziedu dizaineris;Noformē, griež un kārto dzīvos, kaltētus vai mākslīgos ziedus un zaļumus.;Radošums
27-1024.00;Grafiskais dizaineris;Izstrādā vai izveido grafiku, lai apmierinātu īpašas komerciālas vai reklāmas vajadzības, piemēram, iepakojumu, displejus vai logotipus. Var izmantot dažādus medijus, lai iegūtu mākslinieciskus vai dekoratīvus efektus.;Radošums
27-1025.00;Interjera dizaineris;Plāno, projektē un iekārto telpu vai ēku iekšējo telpu. Izstrādā interjera vidi vai izveido fiziskus izkārtojumus, kas ir praktiski, estētiski un paredzēti paredzētajam mērķim. Var specializēties noteiktā interjera dizaina jomā, stilā vai fāzē.;Radošums
27-1026.00;Preču izkārtotāji un skatlogu noformētāji;Plāno un uzstāda komerciālus displejus, piemēram, mazumtirdzniecības veikalu logos un interjeru, kā arī tirdzniecības izstādēs.;Radošums
27-1027.00;Scenogrāfijas un izstāžu dizaineris;Veido īpašus eksponātus un dekorācijas filmu, video, televīzijas un teātra izrādēm. Var pētīt scenārijus, apspriesties ar režisoriem un veikt pētījumus, lai noteiktu piemērotus arhitektūras stilus.;Radošums
27-1029.00;Dizaineri, viss pārējais;Visi dizaineri nav uzskaitīti atsevišķi.;Radošums
27-2011.00;Aktieris;Atveido lomas skatuves, televīzijas, radio, video vai filmu producēšanā vai citos izklaides, informācijas vai norādījumu iestatījumos. Interpretē nopietnu vai komisku lomu, izmantojot runu, žestus un ķermeņa kustības, lai izklaidētu vai informētu auditoriju. Var dejot un dziedāt.;Radošums
27-2012.00;Producents un režisors;Rada vai vada skatuves, televīzijas, radio, video vai filmu produkciju izklaidei, informācijai vai apmācībai. Atbildīgs par radošiem lēmumiem, piemēram, scenārija interpretāciju, aktieru vai viesu izvēli, scenogrāfiju, skaņu, specefektiem un horeogrāfiju.;Radošums
27-2012.03;Mediju programmu direktori;Tieša un koordinē personāla darbības, kas iesaistītas radio vai televīzijas staciju programmu grafiku un programmu, piemēram, sporta vai ziņu, sagatavošanā.;Radošums
27-2012.04;Talantu direktors;Klausās un intervē izpildītājus, lai izvēlētos atbilstošākos talantus skatuves, televīzijas, radio vai kinofilmu iestudējumos.;Radošums
27-2012.05;Mediju tehniskais direktors/vadītājs;Koordinē tehnisko nodaļu darbības, piemēram, ierakstīšanu, montāžu, inženieriju un apkopi, lai izveidotu radio vai televīzijas programmas.;Radošums
27-2021.00;Sportists un sporta sacensību dalībnieks;Sacensties sporta pasākumos.;Radošums
27-2022.00;Treneris un skautu darbinieks;Instruē vai trenē grupas vai indivīdus par sporta pamatiem sacensību galvenajam mērķim. Demonstrē līdzdalības paņēmienus un metodes. Var novērtēt sportistu stiprās un vājās puses kā iespējamos jaunumus vai uzlabot sportistu tehniku, lai sagatavotu viņus sacensībām. Personas, kurām ir jābūt pedagoģiskā sertifikāta iegūšanai, ir jānorāda attiecīgajā mācību kategorijā.;Radošums
27-2023.00;Tiesneši, soģi un citas sporta amatpersonas;Biroja konkurētspējīgos sporta vai sporta pasākumos. Atklāj noteikumu pārkāpumus un nosaka sodus saskaņā ar noteiktajiem noteikumiem. Ietver visas sporta amatpersonas, tiesnešus un sacensību tiesnešus.;Radošums
27-2031.00;Dejotājs;Uzstāda dejas. Var uzstāties uz skatuves, pārraidīšanai vai video ierakstīšanai.;Radošums
27-2032.00;Horeogrāfs;Izveido jaunas deju rutīnas. Iestudē rutīnas izpildi. Var vadīt un iestudēt prezentācijas.;Radošums
27-2041.00;Mūzikas vadītāji un komponisti;"Diriģē, vada, plāno un vada mūzikas mākslinieku vai grupu, piemēram, orķestru, grupu, koru un jautrības klubu, instrumentālus vai vokālus priekšnesumus; vai rada oriģinālus mūzikas darbus.";Radošums
27-2042.00;Mūziķis un dziedātājs;Spēlē vienu vai vairākus mūzikas instrumentus vai dzied. Var uzstāties uz skatuves, pārraidīšanai vai skaņas vai video ierakstīšanai.;Radošums
27-2091.00;Diskžokejs, izņemot radio;Atskaņo iepriekš ierakstītu mūziku tiešraides auditorijai norises vietās vai pasākumos, piemēram, klubos, ballītēs vai kāzu pieņemšanā. Lai manipulētu ar ierakstiem, var izmantot tādas metodes kā sajaukšana, izgriešana vai iztveršana. Var arī uzstāties kā emcee (ceremonijas meistars).;Radošums
27-2099.00;Izklaidētāji un izpildītāji, sports un ar to saistītie darbinieki, viss pārējais;Visi izklaidētāji un izpildītāji, sporta un saistītie darbinieki, kas nav uzskaitīti atsevišķi.;Radošums
27-3011.00;Apraides diktoris un radio diskžokejs;Runāj vai lasa no skriptiem materiāliem, piemēram, ziņu ziņojumiem vai komerciāliem ziņojumiem, radio, televīzijā vai citos saziņas līdzekļos. Var atskaņot un iestatīt mūziku rindā, paziņo izpildītāju vai priekšnesuma nosaukumu, identificēt staciju vai intervēt viesus.;Radošums
27-3023.00;Ziņu analītiķis, reportieris un žurnālists;Stāsta vai raksta ziņas, pārskatus vai komentārus drukātiem, apraides vai citiem saziņas līdzekļiem, piemēram, laikrakstiem, žurnāliem, radio vai televīzijai. Var vākt un analizēt informāciju, izmantojot intervijas, izmeklēšanu vai novērojumus.;Radošums
27-3031.00;Sabiedrisko attiecību speciālists;Reklamē vai izveido paredzētu publisku tēlu personām, grupām vai organizācijām. Var rakstīt vai atlasīt materiālus izdošanai dažādiem saziņas līdzekļiem. Var specializēties sociālo mediju izmantošanā.;Radošums
27-3041.00;Redaktors;Plāno, koordinē, pārskata vai rediģē rakstisko materiālu. Var izskatīt priekšlikumus un projektus iespējamai publicēšanai.;Radošums
27-3042.00;Tehniskais rakstnieks;Uzraksta tehniskos materiālus, piemēram, aprīkojuma rokasgrāmatas, pielikumus vai lietošanas un apkopes instrukcijas. Var palīdzēt maketēšanas darbos.;Radošums
27-3043.00;Rakstnieks un autors;Izstrādā un sagatavo rakstiskus materiālus, piemēram, scenārijus, stāstus, sludinājumus un citus materiālus.;Radošums
27-3043.05;Dzejnieks, dziesmu tekstu autors un radošais rakstnieks;Izveido oriģinālus rakstiskus darbus, piemēram, scenārijus, esejas, prozu, dzeju vai dziesmu tekstus publicēšanai vai atskaņošanai.;Radošums
27-3091.00;Tulks un tulkotājs;Interpretē mutvārdu vai zīmju valodu vai tulko rakstisku tekstu no vienas valodas citā.;Radošums
27-3092.00;Tiesas protokolisti un titru veidotāji;Izmanto burtiskas metodes un aprīkojumu, lai uztvertu, uzglabātu, izgūtu un pārrakstītu pirmstiesas un tiesas procesu vai citu informāciju. Ietver stenokpētājus, kuri izmanto datorizētu stenogrāfisku subtitru iekārtu, lai nodrošinātu tiešraides vai iepriekš ierakstītu raidījumu parakstus skatītājiem ar dzirdes traucējumiem.;Radošums
27-3099.00;Plašsaziņas līdzekļu un komunikāciju darbinieks, visi pārējie;Visi plašsaziņas līdzekļu un saziņas darbinieki nav uzskaitīti atsevišķi.;Radošums
27-4011.00;Audio un video tehniķis;Iestata, uztur un demontē audio un video aprīkojumu, piemēram, mikrofonus, skaņas skaļruņus, savienojošos vadus un kabeļus, skaņas un miksēšanas plates, videokameras, video monitorus un serverus, kā arī saistīto elektronisko aprīkojumu tiešraides vai ierakstītiem pasākumiem, piemēram, koncertiem, sanāksmēm, konvencijām, prezentācijām, aplādes, ziņu konferencēm un sporta pasākumiem.;Radošums
27-4012.00;Apraides tehniķis;Iestata, darbina un uztur elektronisko aprīkojumu, ko izmanto, lai iegūtu, rediģētu un pārraidītu audio un video radio vai televīzijas programmām. Kontrolē un pielāgo ienākošos un izejošos apraides signālus, lai regulētu skaņas skaļumu, signāla stiprumu un signāla skaidrību. Izmanto satelītu, mikroviļņu krāsni vai citas raidītāja iekārtas, lai pārraidītu radio vai televīzijas programmas.;Radošums
27-4014.00;Skaņu inženieru tehniķis;Samontē un darbina aprīkojumu, lai ierakstītu, sinhronizētu, miksētu, rediģētu vai reproducētu skaņu, tostarp mūziku, balsis vai skaņas efektus, teātra, video, filmu, televīzijas, aplādes, sporta pasākumu un citu produkciju vajadzībām.;Radošums
27-4015.00;Apgaismojuma tehniķis;Uzstāda, apkopo un demontē gaismas ķermeņus, apgaismojuma vadības ierīces un saistīto apgaismojuma elektrisko un takelāžas aprīkojumu, ko izmanto fotografēšanai, televīzijai, filmām, video un tiešraidēm. Var fokusēt vai darbināt gaismas ķermeņus, vai pievieno krāsu filtrus vai citus apgaismojuma piederumus.;Radošums
27-4021.00;Fotogrāfs;Fotografē cilvēkus, ainavas, preces vai citus objektus. Var izmantot apgaismojuma aprīkojumu, lai uzlabotu objekta izskatu. Var izmantot rediģēšanas programmatūru, lai izveidotu gatavus attēlus un izdrukas. Ietver komerciālos un rūpnieciskos fotogrāfus, zinātniskos fotogrāfus un fotožurnālistus.;Radošums
27-4031.00;Kameru operators, televīzija, video un filmas;Izmanto televīzijas, video vai filmu kameru, lai ierakstītu attēlus vai ainas televīzijas, video vai filmu producēšanai.;Radošums
27-4032.00;Filmu un video redaktori;Rediģē kustīgus attēlus filmā, video vai citos medijos. Var strādāt ar producentu vai režisoru, lai organizētu attēlus gala ražošanai. Var rediģēt vai sinhronizēt skaņu celiņus ar attēliem.;Radošums
27-4099.00;Plašsaziņas līdzekļu un sakaru iekārtu darbinieks, visi pārējie;Visi mediju un sakaru iekārtu darbinieki, kas nav uzskaitīti atsevišķi.;Radošums
29-1011.00;Ķiropraktiķis;Novērtē, ārstē un aprūpē pacientus, manipulējot ar mugurkaulu un muskuļu un skeleta sistēmu. Var nodrošināt mugurkaula korekciju vai novērst krustu vai iegurņa novirzes.;Veselība
29-1021.00;Zobārsti, vispārējā prakse;Izmeklē, diagnosticē un ārstē zobu un smaganu slimības, traumas un anomālijas. Var ārstēt nervu, pulpas un citu zobu audu slimības, kas ietekmē mutes higiēnu un zobu aizturi. Var būt piemērots zobārstniecības ierīcēm vai nodrošināt profilaktisko aprūpi.;Veselība
29-1022.00;Mutes un sejas žokļu ķirurgi;Veic ķirurģiju un ar to saistītās procedūras mutes un sejas un žokļu reģionu cietajos un mīkstajos audos, lai ārstētu slimības, ievainojumus vai defektus. Var diagnosticēt mutes un sejas žokļu problēmas. Var veikt operāciju, lai uzlabotu funkciju vai izskatu.;Veselība
29-1023.00;Ortodonti;Izmeklē, diagnosticē un ārstē zobu kļūdas un mutes dobuma anomālijas. Izstrādā un izgatavo ierīces zobu un žokļu izlīdzināšanai, lai nodrošinātu un uzturētu normālu darbību un uzlabotu izskatu.;Veselība
29-1024.00;Protodonti;Diagnosticē, ārstē, rehabilitē, izstrādā un uzstāda protēzes, kas uztur mutes dobuma funkciju, veselību un izskatu pacientiem ar klīniskiem stāvokļiem, kas saistīti ar zobiem, mutes un žokļu audiem vai žokli.;Veselība
29-1029.00;Zobārsti, visi pārējie speciālisti;Visi zobārsti nav atsevišķi uzskaitīti.;Veselība
29-1031.00;Dietologs un uztura speciālists;Plāno un vada ēdināšanas vai uztura programmas, lai palīdzētu veicina veselību un kontrolē slimības. Var pārraudzīt nodaļas darbības, kas sniedz daudzus pārtikas pakalpojumus, konsultē personas vai veic uztura pētījumus.;Veselība
29-1041.00;Optometristi;Diagnosticē, pārvalda un ārstē cilvēka acu un redzes sistēmas stāvokļus un slimības. Pārbauda acis un redzes sistēmu, diagnosticē problēmas vai traucējumus, izraksta koriģējošās lēcas un nodrošina ārstēšanu. Var izrakstīt terapeitiskas zāles konkrētu acu slimību ārstēšanai.;Veselība
29-1051.00;Farmaceiti;Izsniegt ārstu un citu praktizējošu ārstu izrakstītās zāles un sniedz informāciju pacientiem par medikamentiem un to lietošanu. Var konsultēt ārstus un citus veselības aprūpes speciālistus par medikamentu izvēli, devām, mijiedarbību un blakusparādībām.;Veselība
29-1071.00;Ārsta palīgs;Sniedz veselības aprūpes pakalpojumus, ko parasti veic ārsts ārsta uzraudzībā. Veic pilnīgu fizisko pārbaudi, nodrošina ārstēšanu un konsultē pacientus. Dažos gadījumos var izrakstīt zāles. Jābeidz akreditēta ārsta palīgu izglītības programma.;Veselība
29-1071.01;Anesteziologa palīgs;Palīdz anesteziologiem anestēzijas ievadīšanā ķirurģiskām un neķirurģiskām procedūrām. Uzrauga pacienta stāvokli un nodrošina pacienta aprūpi ķirurģiskas ārstēšanas laikā.;Veselība
29-1081.00;Podologs;Diagnosticē un ārstē cilvēka pēdas slimības un deformācijas.;Veselība
29-1122.00;Ergoterapists;Novērtē, plāno un organizē rehabilitācijas programmas, kas palīdz veidot vai atjauno profesionālās, mājturības un ikdienas dzīves prasmes, kā arī vispārējo neatkarību personām ar invaliditāti vai attīstības kavējumiem. Izmanto terapeitiskās metodes, pielāgo indivīda vidi, māca prasmes un maina konkrētus uzdevumus, kas rada šķēršļus indivīdam.;Veselība
29-1122.01;Vājredzes terapeits, orientācijas un mobilitātes speciālists un redzes rehabilitācijas terapeits;Sniedz terapiju pacientiem ar redzes traucējumiem, lai uzlabotu viņu darbību ikdienas dzīvē. Var apmācīt pacientus tādās aktivitātēs kā datora lietošana, komunikācijas prasmes vai mājas pārvaldības prasmes.;Veselība
29-1123.00;Fizioterapeits;Novērtē, plāno, organizē un piedalās rehabilitācijas programmās, kas uzlabo mobilitāti, mazina sāpes, palielina spēku un uzlabo vai koriģē slimības vai traumas izraisītus invaliditātes apstākļus.;Veselība
29-1124.00;Radiācijas terapeits;"Sniedz pacientiem staru terapiju, kā to noteicis radiācijas onkologs saskaņā ar noteikto praksi un standartiem. Pienākumos var ietilpt recepšu un diagnozes pārskatīšana; darbojas kā saikne ar ārstu un atbalstošo aprūpes personālu; aprīkojuma, piemēram, imobilizācijas, apstrādes un aizsardzības ierīču sagatavošana; un ierakstu, atskaišu un failu uzturēšana. Var palīdzēt dozimetrijas procedūrās un audzēja lokalizācijā.";Veselība
29-1125.00;Atpūtas terapeits;Plāno, virza vai koordinē medicīniski apstiprinātas atpūtas programmas pacientiem slimnīcās, pansionātos vai citās iestādēs. Aktivitātes ietver sportu, braucienus, dramaturģiju, sabiedriskās aktivitātes un amatniecību. Var novērtēt pacienta stāvokli un ieteikt atbilstošu atpūtas aktivitāti.;Veselība
29-1126.00;Elpošanas terapeits;"Novērtē, ārstē un aprūpē pacientus ar elpošanas traucējumiem. Uzņemties primāro atbildību par visiem elpceļu aprūpes veidiem, tostarp par elpošanas terapijas tehniķu uzraudzību. Uzsākt un vada terapeitiskās procedūras; uztur pacienta uzskaiti; un izvēlas, salikt, pārbauda un darbina aprīkojumu.";Veselība
29-1127.00;Runas valodas patologs;Novērtē un ārstē personas ar runas, valodas, balss un plūduma traucējumiem. Var izvēlēties alternatīvas sakaru sistēmas un māca tās lieto. Var veikt pētījumus, kas saistīti ar runas un valodas problēmām.;Veselība
29-1128.00;Vingrinājumu fiziologs;Novērtē, plāno vai īsteno fitnesa programmas, kas ietver vingrinājumus vai fiziskas aktivitātes, piemēram, tādas, kas paredzētas kardiorespiratoro funkciju, ķermeņa uzbūves, muskuļu spēka, muskuļu izturības vai elastības uzlabošanai.;Veselība
29-1129.00;Terapeits, visi pārējie;Visi terapeiti nav uzskaitīti atsevišķi.;Veselība
29-1129.01;Mākslas terapeits;Plāno vai vada mākslas terapijas sesijas vai programmas, lai uzlabotu klientu fizisko, kognitīvo vai emocionālo labsajūtu.;Veselība
29-1129.02;Mūzikas terapeits;Plāno, organizē, vada vai novērtē klīniskas un uz pierādījumiem balstītas mūzikas terapijas iejaukšanās, lai pozitīvi ietekmētu indivīdu fizisko, psiholoģisko, kognitīvo vai uzvedības stāvokli.;Veselība
29-1131.00;Veterinārārsts;Diagnosticē, ārstē vai izpēta dzīvnieku slimības un ievainojumus. Ietver veterinārārstus, kas veic pētniecību un izstrādi, pārbauda mājlopus vai rūpējas par mājdzīvniekiem un mājdzīvniekiem.;Veselība
29-1141.00;Reģistrēta medmāsa;Novērtē pacientu veselības problēmas un vajadzības, izstrādā un īsteno aprūpes plānus un uztur medicīnisko uzskaiti. Sniedz māsu aprūpi slimiem, ievainotiem, atveseļojošiem vai invalīdiem pacientiem. Var konsultēt pacientus par veselības uzturēšanu un slimību profilaksi vai nodrošināt gadījumu vadību. Nepieciešama licence vai reģistrācija.;Veselība
29-1141.01;Akūtās aprūpes māsa;Nodrošina uzlabotas aprūpes pakalpojumus pacientiem ar akūtiem stāvokļiem, piemēram, sirdslēkmes, respiratorā distresa sindromu vai šoku. Var rūpēties par pacientiem pirms un pēc operācijas vai veikt progresīvas, invazīvas diagnostikas vai terapeitiskās procedūras.;Veselība
29-1141.02;Uzlabotas prakses psihiatriskā medicīnas māsa;Novērtē, diagnosticē un ārstē personas un ģimenes ar garīgās veselības vai vielu lietošanas traucējumiem vai šādu traucējumu iespējamību. Pielieto ārstnieciskās darbības, tostarp medikamentu izrakstīšanu, atbilstoši valsts noteikumiem un psihoterapijas administrēšanu.;Veselība
29-1141.03;Kritiskās aprūpes medmāsa;Nodrošina specializētu aprūpi pacientiem kritiskās vai koronārās aprūpes nodaļās.;Veselība
29-1141.04;Klīniskās medicīnas māsas speciālists;Tiešais māsu personāls, sniedzot pacienta aprūpi klīniskās prakses vidē, piemēram, slimnīcā, hospisā, klīnikā vai mājās. Nodrošina noteikto klīnisko politiku, protokolu, noteikumu un standartu ievērošanu.;Veselība
29-1151.00;Medmāsa anesteziologs;Ievada anestēziju, uzrauga pacienta dzīvībai svarīgās pazīmes un uzrauga pacienta atveseļošanos no anestēzijas. Var palīdzēt anesteziologiem, ķirurgiem, citiem ārstiem vai zobārstiem. Jābūt reģistrētām medmāsām, kurām ir specializēta augstākā izglītība.;Veselība
29-1161.00;Medmāsas vecmāte;Diagnosticē un koordinē visus dzemdību procesa aspektus neatkarīgi vai veselības aprūpes komandas sastāvā. Var nodrošināt veselīgas sievietes ginekoloģisko aprūpi. Jābūt specializētai māsu izglītībai.;Veselība
29-1171.00;Medmāsa praktizētāja;Diagnosticē un ārstē akūtu, epizodisku vai hronisku slimību neatkarīgi vai kā daļu no veselības aprūpes komandas. Var pievērsties veselības veicināšanai un slimību profilaksei. Var pasūtīt, veikt vai interpretē diagnostikas testus, piemēram, laboratorijas darbus un rentgenstarus. Var izrakstīt zāles. Jābūt reģistrētām medmāsām, kurām ir specializēta augstākā izglītība.;Veselība
29-1181.00;Audiologs;Novērtē un ārstē personas ar dzirdes un ar to saistītiem traucējumiem. Var būt piemērots dzirdes aparātiem un nodrošināt dzirdes apmācību. Var veikt pētījumus, kas saistīti ar dzirdes problēmām.;Veselība
29-1211.00;Anesteziologs;Ievada anestēzijas līdzekļus un pretsāpju līdzekļus sāpju mazināšanai pirms operācijas, tās laikā vai pēc tās.;Veselība
29-1212.00;Kardiologs;Diagnosticē, ārstē, pārvalda un novērš sirds un asinsvadu sistēmas slimības vai stāvokļus. Var turpināt specializēties intervences procedūrās (piemēram, balonu angioplastijā un stenta ievietošanā), ehokardiogrāfijā vai elektrofizioloģijā.;Veselība
29-1213.00;Dermatologs;Diagnosticē un ārstē slimības, kas saistītas ar ādu, matiem un nagiem. Var veikt gan medicīniskās, gan dermatoloģiskās ķirurģijas funkcijas.;Veselība
29-1214.00;Neatliekamās medicīnas ārsts;Pieņem tūlītējus medicīniskus lēmumus un rīkoies, lai novērstu nāvi vai turpmāku invaliditāti. Nodrošina tūlītēju pacientu atpazīšanu, novērtēšanu, aprūpi, stabilizāciju un izvietošanu. Var novirzīt neatliekamās medicīniskās palīdzības personālu neatliekamās palīdzības nodaļā.;Veselība
29-1215.00;Ģimenes medicīnas ārsts;Diagnosticē, ārstē un sniedz profilaktisku aprūpi indivīdiem un ģimenēm visā dzīves laikā. Ja nepieciešams, var nosūtīt pacientus pie speciālistiem turpmākai diagnostikai vai ārstēšanai.;Veselība
29-1216.00;Vispārējās iekšējās medicīnas ārsts;Diagnosticē un nodrošina neķirurģisku ārstēšanu plaša spektra slimībām un iekšējo orgānu sistēmu traumām. Nodrošina aprūpi galvenokārt pieaugušajiem un pusaudžiem, un tie galvenokārt tiek nodrošināti ambulatorās aprūpes vidē.;Veselība
29-1217.00;Neirologs;Diagnosticē, pārvalda un ārstē smadzeņu, muguras smadzeņu un perifēro nervu traucējumus un slimības, galvenokārt neķirurģiski.;Veselība
29-1218.00;Dzemdību speciālists un ginekologs;Sniedz medicīnisko aprūpi saistībā ar grūtniecību vai dzemdībām. Diagnosticē, ārstē un palīdz novērst sieviešu slimības, īpaši tās, kas ietekmē reproduktīvo sistēmu. Var nodrošināt arī vispārēju aprūpi sievietēm. Var veikt gan medicīniskās, gan ginekoloģiskās ķirurģijas funkcijas.;Veselība
29-1221.00;Pediatrs, vispārējā prakse;Diagnosticē, ārstē un palīdz novērst bērnu slimības un traumas. Var nosūtīt pacientus pie speciālistiem turpmākai diagnostikai vai ārstēšanai, ja nepieciešams.;Veselība
29-1222.00;Ārsts, patologs;Diagnosticē slimības un veic laboratorijas testus, izmantojot orgānus, ķermeņa audus un šķidrumus. Ietver medicīnas ekspertus.;Veselība
29-1223.00;Psihiatrs;Diagnosticē, ārstē un palīdz novērst garīgos traucējumus.;Veselība
29-1224.00;Radiologs;Diagnosticē un ārstē slimības un traumas, izmantojot medicīniskās attēlveidošanas metodes, piemēram, rentgena starus, magnētiskās rezonanses attēlveidošanu (MRI), kodolmedicīnu un ultraskaņu. Var veikt minimāli invazīvas medicīniskās procedūras un testus.;Veselība
29-1229.00;Ārsts, visi pārējie;Visi ārsti nav atsevišķi uzskaitīti.;Veselība
29-1229.01;Alergologs un immunologs;Diagnosticē, ārstē un palīdz novērst alerģiskas slimības un slimību procesus, kas ietekmē imūnsistēmu.;Veselība
29-1229.02;Hospitaliste;Nodrošina stacionāro aprūpi galvenokārt tādās iestādēs kā medicīnas nodaļas, akūtās aprūpes nodaļas, intensīvās terapijas nodaļas, rehabilitācijas centri vai neatliekamās palīdzības telpas. Pārvalda un koordinē pacientu aprūpi visā ārstēšanas laikā.;Veselība
29-1229.03;Urologs;Diagnosticē, ārstē un palīdz novērst labdabīgus un ļaundabīgus medicīniskus un ķirurģiskus uroģenitālās sistēmas un nieru dziedzeru traucējumus.;Veselība
29-1229.04;Fizikālās medicīnas un rehabilitācijas ārsts;Diagnosticē un ārstē traucējumus, kuriem nepieciešama fizioterapija, lai nodrošinātu fizisko, garīgo un profesionālo rehabilitāciju.;Veselība
29-1229.05;Profilaktiskās medicīnas ārsts;Lieto zināšanas par vispārējo profilaktisko medicīnu un sabiedrības veselības jautājumiem, lai veicinātu veselības aprūpi grupām vai indivīdiem un palīdzētu novērš vai samazināt slimību, traumu, invaliditātes vai nāves risku. Var praktizēt uz populāciju balstītu medicīnu vai diagnosticēt un ārstēt pacientus klīniskās veselības veicināšanas un slimību profilakses kontekstā.;Veselība
29-1229.06;Sporta medicīnas ārsts;Diagnosticē, ārstē un palīdz novērst traumas, kas rodas sporta pasākumu, sporta treniņu un fizisko aktivitāšu laikā.;Veselība
29-1241.00;Oftalmologs, izņemot pediatrijas;Diagnosticē un veic operācijas, lai ārstētu un palīdzētu novērš acu traucējumus un slimības. Var sniegt arī redzes pakalpojumus ārstēšanai, tostarp brillēm un kontaktpersonām.;Veselība
29-1242.00;Ortopēdiskais ķirurgs, izņemot pediatrijas;Diagnosticē un veic operācijas, lai ārstētu un novērstu reimatiskas un citas muskuļu un skeleta sistēmas slimības.;Veselība
29-1243.00;Bērnu ķirurgs;Diagnosticē un veic operācijas, lai ārstētu augļa anomālijas un iedzimtus defektus, slimības un ievainojumus augļiem, priekšlaicīgi dzimušiem zīdaiņiem un jaundzimušajiem, bērniem un pusaudžiem. Ietver visas bērnu ķirurģijas specialitātes un apakšspecialitātes.;Veselība
29-1249.00;Ķirurgs, visi pārējie;Visi ķirurgi nav uzskaitīti atsevišķi.;Veselība
29-1291.00;Akupunktūras speciālists;Diagnosticē, ārstē un novērš traucējumus, stimulējot noteiktus akupunktūras punktus organismā, izmantojot akupunktūras adatas. Var izmantot arī krūzītes, uztura bagātinātājus, ārstniecisko masāžu, akupresūru un citas alternatīvas veselības terapijas.;Veselība
29-1292.00;Zobu higiēnists;Veic mutes dobuma higiēnas aprūpi pacientiem. Novērtē pacienta mutes higiēnas problēmas vai vajadzības un saglabā veselības uzskaiti. Konsultē pacientus par mutes veselības uzturēšanu un slimību profilaksi. Var nodrošināt uzlabotu aprūpi, piemēram, fluora terapiju vai lokālas anestēzijas ievadīšanu.;Veselība
29-1299.00;Veselības aprūpes speciālists, kas diagnosticē vai ārstē, visi pārējie;Visi veselības aprūpes speciālisti, kas diagnosticē vai ārstē, nav uzskaitīti atsevišķi.;Veselība
29-1299.01;Naturopātiskais ārsts;Diagnosticē, ārstē un palīdz novērst slimības, izmantojot prakses sistēmu, kuras pamatā ir indivīdu dabiskās dziedināšanas spējas. Var izmantot fizioloģiskas, psiholoģiskas vai mehāniskas metodes. Var izmantot arī dabiskus medikamentus, recepšu vai leģendāras zāles, pārtiku, ārstniecības augus vai citus dabiskus līdzekļus.;Veselība
29-1299.02;Ortoptists;Diagnosticē un ārstē redzes sistēmas traucējumus, piemēram, binokulārās redzes un acu kustību traucējumus.;Veselība
29-2011.00;Medicīnas un klīniskās laboratorijas tehnologs;Veic kompleksus medicīniskos laboratoriskos izmeklējumus slimību diagnosticēšanai, ārstēšanai un profilaksei. Var apmācīt vai uzraudzīt personālu.;Veselība
29-2011.01;Citoģenētiskais tehnologs;Analizē hromosomas vai hromosomu segmentus, kas atrodami bioloģiskajos paraugos, piemēram, amnija šķidrumos, kaulu smadzenēs, cietos audzējos un asinīs, lai palīdzētu pēta, diagnosticē, klasificē vai ārstē iedzimtas vai iegūtas ģenētiskas slimības. Veic analīzi, izmantojot klasiskās citoģenētiskās, fluorescējošās in situ hibridizācijas (FISH) vai masīvu salīdzinošās genoma hibridizācijas (aCGH) metodes.;Veselība
29-2011.02;Citotehnologs;Krāso, piestiprina un pēta šūnas, lai atklātu vēža pazīmes, hormonālās novirzes un citus patoloģiskus stāvokļus, ievērojot noteiktos standartus un praksi.;Veselība
29-2011.04;Histotehnologs;Izmanto zināšanas par veselību un slimību cēloņiem, lai novērtētu jaunas laboratorijas metodes un procedūras audu paraugu izmeklēšanai. Apstrādā un sagatavo histoloģiskos priekšmetstikliņus no audu sekcijām mikroskopiskai izmeklēšanai un patologu diagnostikai. Var atrisināt tehniskas vai instrumentu problēmas vai palīdzēt veikt pētījumus.;Veselība
29-2012.00;Medicīnas un klīniskās laboratorijas tehniķis;Veic parastās medicīniskās laboratorijas pārbaudes, lai diagnosticētu, ārstētu un novērstu slimības. Var strādāt medicīnas tehnologa uzraudzībā.;Veselība
29-2012.01;Histoloģijas tehniķis;Sagatavo histoloģiskos priekšmetstikliņus no audu sekcijām mikroskopiskai izmeklēšanai un patologu diagnostikai. Var palīdzēt pētījumos.;Veselība
29-2031.00;Sirds un asinsvadu tehnologs un tehniķis;Veic pacientu plaušu vai sirds un asinsvadu sistēmas testus diagnostikas, terapijas vai pētniecības nolūkos. Var veikt vai palīdzēt veikt elektrokardiogrammas, sirds kateterizāciju, plaušu funkcijas, plaušu tilpumu un līdzīgus testus.;Veselība
29-2032.00;Diagnostikas medicīnas sonogrāfs;Veic iekšējo orgānu ultraskaņas ierakstus, ko izmanto ārsti. Ietver asinsvadu tehnologus.;Veselība
29-2033.00;Kodolmedicīnas tehnologs;Sagatavo, ievadīt un mēra radioaktīvos izotopus terapeitiskos, diagnostikas un marķieru pētījumos, izmantojot dažādas radioizotopu iekārtas. Sagatavo radioaktīvo materiālu izejas šķīdumus un aprēķina radiologiem ievadāmās devas. Pakļaut pacientus starojumam. Veic asins tilpuma, eritrocītu izdzīvošanas un tauku absorbcijas pētījumus, ievērojot standarta laboratorijas metodes.;Veselība
29-2034.00;Radioloģijas tehnologs un tehniķis;Veic rentgena un CAT skenēšanu vai ievada neradioaktīvus materiālus pacienta asinsritē diagnostikas vai pētniecības nolūkos. Ietver radioloģijas tehnologus un tehniķus, kas specializējas citās skenēšanas modalitātēs.;Veselība
29-2035.00;Magnētiskās rezonanses attēlveidošanas tehnologs;Darbina magnētiskās rezonanses attēlveidošanas (MRI) skenerus. Pārraudzī pacienta drošību un komfortu, kā arī skata skenējamās zonas attēlus, lai nodrošinātu attēlu kvalitāti. Var ievadīt gadolīnija kontrastvielu intravenozi. Var intervēt pacientu, izskaidrot MRI procedūras un novietot pacientu uz pārbaudes galda. Var ievadīt datora datus, piemēram, pacienta vēsturi, skenējamo anatomisko zonu, norādīto orientāciju un ievades vietu.;Veselība
29-2036.00;Medicīnas dozimetrists;Veido staru terapijas plānus, izstrādā starojuma dozu aprēķinus, sazinās un uzrauga ārstēšanas plāna izpildi, kā arī konsultējas ar radiācijas onkoloģijas komandas locekļiem.;Veselība
29-2042.00;Neatliekamās medicīniskās palīdzības tehniķis;Novērtē traumas un slimības un sniedz pamata neatliekamo medicīnisko palīdzību. Var transportēt ievainotas vai slimas personas uz medicīnas iestādēm.;Veselība
29-2043.00;Paramediķis;Sniedz pamata vai progresīvu neatliekamo medicīnisko palīdzību un novērtē traumas un slimības. Var ievadīt zāles intravenozi, izmantot aprīkojumu, piemēram, EKG, vai ievadīt uzlabotu dzīvības atbalstu slimām vai ievainotām personām.;Veselība
29-2051.00;Diētas tehniķis;Palīdz nodrošināt ēdināšanas pakalpojumus un uztura programmas dietologa uzraudzībā. Var plānot un ražot maltītes, pamatojoties uz noteiktām vadlīnijām, māca uztura un uztura principus vai konsultēt personas.;Veselība
29-2052.00;Farmācijas tehniķis;Sagatavo zāles farmaceita vadībā. Var izmērīt, sajaukt, skaitīt, marķēt un reģistrēt medikamentu daudzumus un devas saskaņā ar recepšu pasūtījumiem.;Veselība
29-2053.00;Psihiatrijas tehniķis;Rūpēties par personām ar garīgiem vai emocionāliem stāvokļiem vai invaliditāti, ievērojot ārstu vai citu veselības aprūpes speciālistu norādījumus. Uzrauga pacientu fizisko un emocionālo labsajūtu un ziņo medicīnas personālam. Var piedalīties rehabilitācijas un ārstniecības programmās, palīdzēt personīgās higiēnas nodrošināšanā un ievadīt perorālos vai injicējamos medikamentus.;Veselība
29-2055.00;Ķirurģiskais tehnologs;Palīdz operācijās ķirurgu, reģistrētu medmāsu vai cita ķirurģiskā personāla uzraudzībā. Var palīdzēt iekārtot operāciju zāli, sagatavot un transportēt pacientus operācijām, pielāgot apgaismojumu un aprīkojumu, nodod instrumentus un citus piederumus ķirurgiem un ķirurgu palīgiem, turēt spriegotājus, izgriezt šuves un palīdzēt skaita sūkļus, adatas, piederumus un instrumentus.;Veselība
29-2056.00;Veterinārais tehnologs un tehniķis;Laboratorijas vidē veic medicīniskās pārbaudes, lai izmantotu dzīvnieku slimību ārstēšanā un diagnostikā. Sagatavo vakcīnas un serumus slimību profilaksei. Sagatavo audu paraugus, ņem asins paraugus un veic laboratorijas testus, piemēram, urīna analīzi un asins analīzi. Tīra un sterilizē instrumentus un materiālus un apkopo iekārtas un mašīnas. Var palīdzēt veterinārārstam operācijas laikā.;Veselība
29-2057.00;Oftalmoloģijas medicīnas tehniķis;Palīdz oftalmologiem, veicot oftalmoloģiskās klīniskās funkcijas. Var veikt acu izmeklējumus, ievadīt acu zāles un instruē pacientu par korektīvo lēcu aprūpi un lietošanu.;Veselība
29-2061.00;Licencēta praktiskā un licencēta profesionālā māsa;Slimu, ievainotu vai atveseļojošu pacientu vai personu ar invaliditāti aprūpe slimnīcās, pansionātos, klīnikās, privātmājās, grupu mājās un līdzīgās iestādēs. Var strādāt reģistrētas medicīnas māsas uzraudzībā. Nepieciešama licence.;Veselība
29-2072.00;Medicīnisko dokumentu speciālists;Apkopo, apstrādā un uztur slimnīcu un klīniku pacientu medicīniskos ierakstus veidā, kas atbilst veselības aprūpes sistēmas medicīniskām, administratīvajām, ētiskajām, juridiskajām un normatīvajām prasībām. Klasificē medicīnas un veselības aprūpes koncepcijas, tostarp diagnozi, procedūras, medicīniskos pakalpojumus un aprīkojumu, veselības aprūpes nozares ciparu kodēšanas sistēmā. Ietver medicīniskos kodētājus.;Veselība
29-2081.00;Optiķis, izsniegšana;Izstrādā, izmēra, piestiprina un pielāgo lēcas un rāmjus klientam saskaņā ar rakstisku optisko priekšrakstu vai specifikāciju. Palīdz klientam ievietot, izņem un kopj kontaktlēcas. Palīdz klientam izvēlas rāmjus. Izmēra klientam briļļu izmēru un saskaņo rāmjus ar sejas un acu mērījumiem un optikas recepti. Sagatavo darba pasūtījumu optiskajai laboratorijai, kas satur instrukcijas lēcu slīpēšanai un montāžai rāmjos. Pārbauda gatavo lēcu briļļu precizitāti. Pielāgo rāmja un objektīva pozīciju atbilstoši klientam. Var veidot vai pārveidot rāmjus. Ietver kontaktlēcu optiķus.;Veselība
29-2091.00;Ortozes un protezēšanas speciālists;Izstrādā, izmēra, uzstāda un pielāgo ortopēdiskās breketes, ierīces vai protēzes, piemēram, ekstremitātes vai sejas daļas pacientiem ar invaliditāti.;Veselība
29-2092.00;Dzirdes aparātu speciālists;Izvēlas un pielāgo dzirdes aparātus klientiem. Pārvalda un interpretē dzirdes pārbaudes. Novērtē dzirdes aparāta efektivitāti. Paņem ausu nospiedumus un sagatavo, projektē un modificē ausu veidnes.;Veselība
29-2099.00;Veselības tehnologs un tehniķis, visi pārējie;Visi veselības tehnologi un tehniķi nav atsevišķi uzskaitīti.;Veselība
29-2099.01;Neirodiagnostikas tehnologs;Veic elektroniodiagnostiskos (END) testus, piemēram, elektroencefalogrammas, izraisīto potenciālu, polisomnogrammas vai elektronistagmogrammas. Var veikt nervu vadīšanas pētījumus.;Veselība
29-2099.05;Oftalmoloģijas medicīnas tehnologs;Palīdz oftalmologiem, veicot oftalmoloģiskās klīniskās funkcijas un oftalmoloģisko fotografēšanu. Sniedz norādījumus un uzraudzību citiem oftalmoloģiskajiem darbiniekiem. Palīdz ar nelielām ķirurģiskām procedūrām, pielieto aseptikas metodes un sagatavo instrumentus. Var veikt acu izmeklējumus, ievadīt acu zāles un instruē pacientus par korektīvo lēcu aprūpi un lietošanu.;Veselība
29-2099.08;Pacientu pārstāvis;Palīdz pacientiem saņem pakalpojumus, izprast politiku un pieņem lēmumus par veselības aprūpi.;Veselība
29-9021.00;Veselības informācijas tehnologs un medicīnas reģistrators;Lieto zināšanas par veselības aprūpi un informācijas sistēmām, lai palīdzētu datorizētu veselības aprūpes sistēmu projektēšanā, izstrādē un nepārtrauktā modifikācijā un analīzē. Apkopo, apkopo un analizē informāciju par pacientu ārstēšanu un novērošanu. Var izglītot personālu un palīdzēt problēmu risināšanā, lai veicinātu veselības aprūpes informācijas sistēmas ieviešanu. Var izstrādāt, izstrādāt, pārbaudīt un ievieš datu bāzes ar pilnu vēsturi, diagnozi, ārstēšanu un veselības stāvokli, lai palīdzētu uzrauga slimības.;Veselība
29-9091.00;Atlētikas treneris;Novērtē un ārstē muskuļu un skeleta sistēmas traumas vai slimības. Nodrošina profilaktisko, terapeitisko, neatliekamo un rehabilitācijas aprūpi.;Veselība
29-9092.00;Ģenētiskais konsultants;Novērtē individuālo vai ģimenes risku dažādiem iedzimtiem stāvokļiem, piemēram, ģenētiskiem traucējumiem un iedzimtiem defektiem. Sniedz informāciju citiem veselības aprūpes sniedzējiem vai personām un ģimenēm, kuras ir saistītas ar iedzimtu slimību risku. Iesaka indivīdiem un ģimenēm atbalsta apzinātu lēmumu pieņemšanu un pārvarēšanas metodes riskam pakļautajām personām. Var palīdzēt veic pētījumus, kas saistīti ar ģenētiskiem stāvokļiem vai ģenētiskas konsultācijas.;Veselība
29-9093.00;Ķirurģiskais asistents;Palīdz operācijās, ķirurgu uzraudzībā. Saskaņā ar valsts tiesību aktiem var palīdzēt ķirurgiem veic iegriezumus un aizvērt ķirurģiskās vietas, manipulēt ar audiem vai noņemt tos, implantēt ķirurģiskās ierīces vai drenas, atsūkt operācijas vietu, ievietot katetru, saspiest vai cauterize asinsvadus vai audus un uzlikt pārsējus uz ķirurģiskās vietas.;Veselība
29-9099.00;Veselības aprūpes speciālists un tehniskais darbinieks, visi pārējie;Visi veselības aprūpes speciālisti un tehniskie darbinieki nav atsevišķi uzskaitīti.;Veselība
29-9099.01;Vecmāte;Sniedz pirmsdzemdību aprūpi un palīdzību dzemdībās.;Veselība
31-1121.00;Mājas veselības palīgs;Pārraudzī personas ar invaliditāti vai slimību veselības stāvokli un risina ar veselību saistītās vajadzības, piemēram, nomainot pārsējus, pārsienot brūces vai ievadot medikamentus. Darbs tiek veikts izbraukuma vai periodiski uz vietas licencēta māsu personāla vadībā. Sniedz palīdzību, veicot ikdienas veselības aprūpes uzdevumus vai ikdienas dzīves aktivitātes, piemēram, barošanu, vannošanos, tualetes apmeklējumu vai pārvietošanos. Var palīdzēt arī veicot tādus uzdevumus kā maltīšu gatavošana, viegla mājas uzkopšana un veļas mazgāšana atkarībā no pacienta spējām.;Veselība
31-1122.00;Personīgās aprūpes palīgs;Sniedz personalizētu palīdzību personām ar invaliditāti vai slimībām, kurām nepieciešama palīdzība ar personīgo aprūpi un ikdienas dzīves atbalsta pasākumiem (piemēram, barošana, vannošanās, ģērbšanās, kopšana, tualete un pārvietošanās). Var arī sniegt palīdzību, veicot tādus uzdevumus kā maltīšu gatavošana, vieglas mājas uzkopšana un veļas mazgāšana. Darbs tiek veikts dažādos apstākļos atkarībā no aprūpes saņēmēja vajadzībām, un tas var ietvert tādas vietas kā viņa mājas, darba vieta, ārpus sabiedrības vai dienas nedzīvojamā iestāde.;Veselība
31-1131.00;Māsas palīgs;Sniedz vai palīdz ar pamata aprūpi vai atbalstu klātienes licencēta māsu personāla vadībā. Veic tādus pienākumus kā pacientu veselības stāvokļa uzraudzība, barošana, peldēšanās, ģērbšanās, kopšana, tualete vai pacientu pārvietošanās veselības vai aprūpes iestādē. Var ietvert medikamentu ievadīšanu un citus ar veselību saistītus uzdevumus. Ietver māsu aprūpes dežurantus, māsu palīgus un māsu pavadoņus.;Veselība
31-1132.00;Slimnīcas sanitārs;Pārvadā pacientus uz tādām vietām kā operāciju zāles vai rentgena telpas, izmantojot ratiņkrēslus, nestuves vai pārvietojamās gultas. Var uzturēt krājumu krājumus vai tīru un transportēt aprīkojumu. Psihiatriskie palīgi ir iekļauti psihiatrisko palīgu sarakstā.;Veselība
31-1133.00;Psihiatriskais palīgs;Palīdz pacientiem ar garīgiem traucējumiem vai emocionāliem traucējumiem, strādājot māsu un medicīnas personāla vadībā. Var palīdzēt ikdienas dzīves aktivitātēs, vadīt pacientus izglītības un atpūtas pasākumos vai pavadīt pacientus uz izmeklējumiem un ārstēšanu un no tiem. Var ierobežot vardarbīgus pacientus. Ietver psihiatriskās stacionāras.;Veselība
31-2011.00;Ergoterapijas asistents;Palīdz ergoterapeitiem nodrošina ergoterapijas ārstēšanu un procedūras. Var saskaņā ar valsts likumiem palīdz ārstniecības plānu izstrādē, veikt ikdienas funkcijas, vadīt aktivitāšu programmas un dokumentē ārstēšanas gaitu. Parasti nepieciešama oficiāla apmācība.;Veselība
31-2012.00;Ergoterapijas palīgs;Stingrā ergoterapeita vai ergoterapijas asistenta uzraudzībā konkrētās situācijās veic tikai deleģētus, atlasītus vai rutīnas uzdevumus. Šie pienākumi ietver pacienta un ārstēšanas telpas sagatavošanu.;Veselība
31-2021.00;Fizioterapeita asistents;Palīdz fizioterapeitiem nodrošina fizikālās terapijas procedūras un procedūras. Saskaņā ar valsts likumiem var palīdzēt izstrādā ārstēšanas plānus, veic ikdienas funkcijas, dokumentē ārstēšanas gaitu un modificē noteiktas ārstēšanas metodes atbilstoši pacienta statusam un fizioterapeita noteikto ārstēšanas plānu ietvaros. Parasti nepieciešama oficiāla apmācība.;Veselība
31-2022.00;Fizioterapeita palīgs;Stingrā fizioterapeita vai fizikālās terapijas asistenta uzraudzībā konkrētās situācijās veic tikai deleģētus, atlasītus vai rutīnas uzdevumus. Šie pienākumi ietver pacienta un ārstēšanas zonas sagatavošanu.;Veselība
31-9011.00;Masāžas terapeits;Veic mīksto audu un locītavu ārstnieciskās masāžas. Var palīdzēt novērtē kustību diapazonu un muskuļu spēku vai piedāvāt klienta terapijas plānus.;Veselība
31-9091.00;Zobārstu asistents;Veic ierobežotus klīniskos pienākumus zobārsta vadībā. Klīniskie pienākumi var ietvert aprīkojuma sagatavošanu un sterilizāciju, pacientu sagatavošanu ārstēšanai, palīdzību zobārstam ārstēšanas laikā un pacientu instrukciju sniegšanu mutes veselības aprūpes procedūrām. Var veikt administratīvus pienākumus, piemēram, ieplānot tikšanās, uzturēt medicīniskos ierakstus, norēķināties un kodē informāciju apdrošināšanas nolūkos.;Veselība
31-9092.00;Medicīnas palīgs;Veic administratīvos un noteiktus klīniskos pienākumus ārsta vadībā. Administratīvie pienākumi var ietvert tikšanās plānošanu, medicīnisko ierakstu uzturēšanu, rēķinu izrakstīšanu un informācijas kodēšanu apdrošināšanas nolūkos. Klīniskie pienākumi var ietvert dzīvībai svarīgo pazīmju un slimības vēstures uzņemšanu un reģistrēšanu, pacientu sagatavošanu pārbaudei, asiņu ņemšanu un medikamentu ievadīšanu saskaņā ar ārsta norādījumiem.;Veselība
31-9093.00;Medicīniskā aprīkojuma sagatavotājs;Sagatavo, sterilizē, uzstāda vai notīra laboratorijas vai veselības aprūpes aprīkojumu. Var veikt parastos laboratorijas darbus un darbināt vai pārbaudīt aprīkojumu.;Veselība
31-9094.00;Medicīniskais transkripcijas speciālists;Pārraksta ārstu un citu veselības aprūpes speciālistu reģistrētos medicīniskos ziņojumus, izmantojot dažādas elektroniskās ierīces, tostarp biroja apmeklējumus, neatliekamās palīdzības numuru apmeklējumus, diagnostikas attēlveidošanas pētījumus, operācijas, diagrammu pārskatus un galīgos kopsavilkumus. Transkribē diktētos ziņojumus un tulko saīsinājumus pilnībā saprotamā formā. Ja nepieciešams, rediģē un atsūta atskaites drukātā vai elektroniskā veidā pārskatīšanai un parakstīšanai vai labošanai.;Veselība
31-9095.00;Aptieku palīgs;Reģistrē aptiekā piegādātās zāles, uzglabā ienākošās preces un informē uzraugu par krājumu vajadzībām. Var darbināt kases aparātu un pieņemt receptes uzpildīšanai.;Veselība
31-9096.00;Veterinārārstu asistents un laboratorijas dzīvnieku aprūpētājs;Laboratorijās un dzīvnieku slimnīcās un klīnikās baro, dzirdina un pārbauda mājdzīvniekus un citus lauksaimniecības dzīvniekus, lai atklātu slimības, slimības vai ievainojumu pazīmes. Tīra un dezinficē būrus un darba zonas, sterilizē laboratorijas un ķirurģiskās iekārtas. Var nodrošināt kārtējo pēcoperācijas aprūpi, ievadīt medikamentus iekšķīgi vai lokāli vai sagatavot paraugus laboratoriskai izmeklēšanai veterināro vai laboratorijas dzīvnieku tehnologu vai tehniķu, veterinārārstu vai zinātnieku uzraudzībā.;Veselība
31-9097.00;Flebotomists;Paņem asinis pārbaudēm, pārliešanai, ziedojumiem vai pētījumiem. Var izskaidrot pacientiem procedūru un palīdzēt atveseļoties pacientiem ar blakusparādībām.;Veselība
31-9099.00;Veselības aprūpes atbalsta darbinieks, visi pārējie;Visi veselības aprūpes atbalsta darbinieki, kas nav uzskaitīti atsevišķi.;Veselība
31-9099.01;Runas-valodas patoloģijas asistents;Palīdz runas valodas patologiem runas, valodas, balss un plūduma traucējumu novērtēšanā un ārstēšanā. Īsteno runas un valodas programmas vai aktivitātes, kā to plāno un norādījuši runas valodas patologi. Uzrauga alternatīvu sakaru ierīču un sistēmu izmantošanu.;Veselība
31-9099.02;Endoskopijas tehniķis;Uztur sterilu lauku, lai sniegtu atbalstu ārstiem un medmāsām endoskopijas procedūru laikā. Sagatavo un uztur instrumentus un aprīkojumu. Var iegūst paraugus.;Veselība
33-1011.00;Korekcijas virsnieku pirmās rindas uzraugs;Tieši uzrauga un koordinē korekcijas darbinieku un cietuma uzraugu darbību.;Tieslietas
33-1012.00;Policijas un detektīvu pirmās līnijas uzraugs;Tieši uzrauga un koordinē policijas spēku darbinieku darbību.;Tieslietas
33-1021.00;Ugunsdzēsības un profilakses darbinieku pirmās rindas uzraugs;Tieši uzrauga un koordinē ugunsgrēku dzēšanas un ugunsgrēku novēršanas un kontroles darbinieku darbības.;Tieslietas
33-1091.00;Apsardzes darbinieku pirmās līnijas uzraugs;Tieši uzrauga un koordinē apsardzes darbinieku un apsardzes darbību.;Tieslietas
33-1099.00;Aizsardzības dienesta darbinieku pirmās līnijas uzraugs, visi pārējie;Visi aizsardzības dienesta uzraugi, kas iepriekš nav minēti atsevišķi.;Tieslietas
33-2011.00;Ugunsdzēsējs;Kontrolē un dzēš ugunsgrēkus vai reaģē uz ārkārtas situācijām, kad tiek apdraudēta dzīvība, īpašums vai vide. Pienākumos var ietilpt ugunsgrēku novēršana, neatliekamā medicīniskā palīdzība, reaģēšana uz bīstamiem materiāliem, meklēšana un glābšana, kā arī palīdzība katastrofu gadījumos.;Tieslietas
33-2021.00;Ugunsdzēsības inspektors un izmeklētājs;Pārbauda ēkas, lai atklātu ugunsbīstamību un izpildītu vietējos rīkojumus un valsts likumus, vai izmeklē un apkopo faktus, lai noteiktu ugunsgrēku un sprādzienu cēloni.;Tieslietas
33-2022.00;Meža ugunsdzēsības inspektors un profilakses speciālists;Ievieš ugunsdrošības noteikumus, pārbauda, vai mežā nav ugunsbīstamības, un iesaka meža ugunsgrēku novēršanas vai kontroles pasākumus. Var ziņot par meža ugunsgrēkiem un laikapstākļiem.;Tieslietas
33-3011.00;Tiesu izpildītājs;Uztur kārtību tiesās.;Tieslietas
33-3012.00;Labošanas dienesta darbinieks un cietuma uzraugs;Apsargā ieslodzītos soda vai rehabilitācijas iestādēs noteiktajā kārtībā un kārtībā. Var apsargāt ieslodzītos tranzītā starp cietumu, tiesas zāli, cietumu vai citu vietu. Ietver šerifu vietniekus un policistus, kuri lielāko daļu laika pavada, apsargājot ieslodzītos labošanas iestādēs.;Tieslietas
33-3021.00;Detektīvs un kriminālizmeklētājs;Veic izmeklēšanu saistībā ar aizdomām par federālo, štata vai vietējo likumu pārkāpumiem, lai novērstu vai atrisinātu noziegumus.;Tieslietas
33-3021.02;Policijas identifikācijas un uzskaites darbinieks;Vāc pierādījumus nozieguma vietā, klasificē un identificē pirkstu nospiedumus un fotografē pierādījumus izmantošanai krimināllietās un civillietās.;Tieslietas
33-3021.06;Izlūkošanas analītiķis;Apkopo, analizē vai novērtē informāciju no dažādiem avotiem, piemēram, tiesībaizsardzības datubāzēm, novērošanas, izlūkošanas tīkliem vai ģeogrāfiskās informācijas sistēmām. Izmanto izlūkošanas datus, lai paredzētu un novērstu organizētās noziedzības darbības, piemēram, terorismu.;Tieslietas
33-3031.00;Zivju un medījumu uzraugs;Patruļai iedalītā zona, lai novērstu zivju un medījumu likuma pārkāpumus. Izpēta ziņojumus par savvaļas dzīvnieku nodarītajiem postījumiem labībai vai īpašumam. Apkopo bioloģiskos datus.;Tieslietas
33-3041.00;Autostāvvietu uzraudzības darbinieks;Patrulē noteikto teritoriju, piemēram, publiskās autostāvvietas vai pilsētas ielas, lai izsniegtu biļetes virsstundu stāvēšanas pārkāpējiem un nelegāli novietotiem transportlīdzekļiem.;Tieslietas
33-3051.00;Policijas un šerifa patruļas darbinieks;"Uztur kārtību un aizsargā dzīvību un īpašumu, izpildot vietējos, cilšu, valsts vai federālos likumus un rīkojumus. Veic šādu pienākumu kombināciju: patrulēt noteiktā teritorijā; tiešā satiksme; izdod satiksmes pavēstes; izmeklē negadījumus; aizturēt un apcietināt aizdomās turamos vai apkalpo tiesu procesus. Ietver policijas darbiniekus, kas strādā izglītības iestādēs.";Tieslietas
33-3051.04;Muitas un robežapsardzības darbinieks;Izmeklē un pārbauda personas, parastos pārvadātājus, preces un preces, kas ierodas vai izceļo no Amerikas Savienotajām Valstīm vai starp štatiem, lai atklātu imigrācijas un muitas likumu un noteikumu pārkāpumus.;Tieslietas
33-3052.00;Tranzīta un dzelzceļa policija;Aizsargā un nodrošina dzelzceļa un tranzīta īpašumu, darbiniekus vai pasažierus.;Tieslietas
33-9011.00;Dzīvnieku kontroles darbinieks;Rīkoies ar dzīvniekiem, lai izmeklētu sliktu izturēšanos vai kontrolētu pamestus, bīstamus vai nepieskatītus dzīvniekus.;Tieslietas
33-9021.00;Privātais detektīvs un izmeklētājs;Apkopo, analizē, apkopo un ziņo klientiem informāciju par personām vai organizācijām vai atklāj nelikumīgas darbības vai noteikumu pārkāpumus privātā iestādē.;Tieslietas
33-9031.00;Azartspēļu uzraudzības darbinieks un azartspēļu izmeklētājs;Novēro azartspēļu darbību, ja darbinieki vai patrons veic neregulāras darbības, piemēram, krāpšanos vai zādzību. Izpēta iespējamos draudus azartspēļu aktīviem, piemēram, naudai, žetoniem un azartspēļu aprīkojumam. Darbojas kā vadības un klientu uzraudzības un drošības aģents.;Tieslietas
33-9032.00;Apsardzes darbinieks;Apsargāj, patrulē vai uzrauga telpas, lai novērstu zādzību, vardarbību vai noteikumu pārkāpumus. Var darbināt rentgena un metāla detektoru iekārtas.;Tieslietas
33-9091.00;Gājēju pārejas uzraugi un signalizētāji;Vada vai kontrolē transportlīdzekļu vai gājēju satiksmi tādās vietās kā ielas, skolas, dzelzceļa pārbrauktuves vai būvlaukumi.;Tieslietas
33-9092.00;Glābējs, slēpošanas patruļa un cits atpūtas aizsardzības dienesta darbinieks;Pārraudzī atpūtas zonas, piemēram, baseinus, pludmales vai slēpošanas trases, lai sniegtu palīdzību un aizsardzību dalībniekiem.;Tieslietas
33-9093.00;Transporta drošības pārbaudītāji;Veic pasažieru, bagāžas vai kravas pārbaudi, lai nodrošinātu atbilstību Transporta drošības administrācijas (TSA) noteikumiem. Var darbināt pamata drošības aprīkojumu, piemēram, rentgena aparātus un rokas nūjiņas pārbaudes kontrolpunktos.;Tieslietas
33-9094.00;Skolas autobusa uzraugs;Uztur kārtību skolēnu vidū skolas autobusā. Pienākumos ietilpst palīdz studentiem droši iekāpt un izkāpt, kā arī informēt par uzvedības problēmām. Var veikt pārbaudes pirms un pēc brauciena, kā arī sagatavojas un palīdzēt ārkārtas evakuācijai.;Tieslietas
33-9099.00;Aizsardzības dienesta darbinieks, visi pārējie;Visi aizsardzības dienesta darbinieki, kas nav uzskaitīti atsevišķi.;Tieslietas
33-9099.02;Mazumtirdzniecības zaudējumu novēršanas speciālists;Ievieš procedūras un sistēmas, lai novērstu preču zudumus. Veic darbinieku darbības auditus un izmeklēšanu. Var palīdzēt izstrādā politiku, procedūras un sistēmas aktīvu aizsardzībai.;Tieslietas
35-1011.00;Pavārs un galvenais pavārs;Vada un var piedalīties salātu, zupu, zivju, gaļas, dārzeņu, desertu vai citu ēdienu gatavošanā, garšošanā un gatavošanā. Var plānot un izcenot izvēlnes vienumus, pasūtīt izejmateriālus un veikt uzskaiti un kontus.;Pakalpojumi
35-1012.00;Ēdienu gatavošanas un apkalpošanas darbinieku pirmās līnijas uzraugs;Tieši uzrauga un koordinē pārtikas gatavošanā un pasniegšanā iesaistīto darbinieku darbības.;Pakalpojumi
35-2011.00;Pavāri, Ātrā ēdināšana;Gatavo un gatavo ēdienu ātrās ēdināšanas restorānā ar ierobežotu ēdienkarti. Šo pavāru pienākumi aprobežojas ar dažu pamata priekšmetu sagatavošanu un parasti ietver liela apjoma vienreizējas gatavošanas iekārtas.;Pakalpojumi
35-2012.00;Pavāri, iestāde un kafejnīca;Sagatavo un pagatavo lielu daudzumu pārtikas iestādēm, piemēram, skolām, slimnīcām vai kafejnīcām.;Pakalpojumi
35-2013.00;Pavāri, Privātā mājsaimniecība;Ēdienu gatavošana privātmājās. Ietver personīgos pavārus.;Pakalpojumi
35-2014.00;Pavāri, restorāns;Restorānos pagatavo, garšo un pagatavo ēdienus, piemēram, zupas, gaļu, dārzeņus vai desertus. Var pasūtīt izejmateriālus, veikt uzskaiti un grāmatvedības uzskaiti, cenu vienumus ēdienkartē vai plānu izvēlni.;Pakalpojumi
35-2015.00;Pavāri, Īsais pasūtījums;Sagatavo un gatavo, lai pasūtītu dažādus ēdienus, kuru pagatavošanai nepieciešams tikai īss laiks. Var pieņemt pasūtījumus no klientiem un apkalpot klientus pie letēm vai galdiem.;Pakalpojumi
35-2019.00;Pavāri, viss pārējais;Visi pavāri nav uzskaitīti atsevišķi.;Pakalpojumi
35-2021.00;Ēdienu gatavošanas darbinieks;Veic dažādus ēdiena gatavošanas pienākumus, kas nav ēdiena gatavošana, piemēram, auksto ēdienu un vēžveidīgo gatavošana, gaļas sagriešana un kafijas vai tējas pagatavošana.;Pakalpojumi
35-3011.00;Bārmeņi;Sajauc un pasniedz dzērienus apmeklētājiem tieši vai ar apkalpojošā personāla starpniecību.;Pakalpojumi
35-3023.00;Ātrās ēdināšanas un kases darbinieks;Veic tādus pienākumus kā pasūtījumu pieņemšana un ēdienu un dzērienu pasniegšana. Apkalpo klientus pie letes vai no tvaika galda. Var pieņemt maksājumu. Var pagatavot ēdienu un dzērienus.;Pakalpojumi
35-3023.01;Baristas;Sagatavo vai pasniedz īpašu kafiju vai citus dzērienus. Pasniedz apmeklētājiem tādus ēdienus kā ceptas preces vai sviestmaizes.;Pakalpojumi
35-3031.00;Viesmīlis un viesmīle;Pieņem pasūtījumus un pasniedz ēdienus un dzērienus patroniem pie ēdināšanas iestādes galdiem.;Pakalpojumi
35-3041.00;Ēdienu apkalpotājs, nerestorāns;Pasniedz ēdienu personām ārpus restorāna vides, piemēram, viesnīcu istabās, slimnīcu telpās, aprūpes iestādēs vai automašīnās.;Pakalpojumi
35-9011.00;Ēdamistabas un kafejnīcas dežuranti un bārmeņu palīgi;"Atvieglo ēdināšanas pakalpojumu. Tīri galdi; noņem netīros traukus; nomaina netīro galda veļu; klāti galdi; papildināt tīras veļas, sudraba trauku, stikla trauku un trauku krājumus; apgādāj apkalpojošo bāru ar pārtiku; un pasniedz apmeklētājiem tādus priekšmetus kā ūdens, garšvielas un kafija.";Pakalpojumi
35-9021.00;Trauku mazgājamā mašīna;Notīra traukus, virtuvi, ēdiena gatavošanas aprīkojumu vai traukus.;Pakalpojumi
35-9031.00;Saimnieks un saimniece, restorāns, atpūtas telpa un kafejnīca;Laipni lūdzam klientus, sēdina viņus pie galdiem vai atpūtas telpā un palīdz nodrošināt aprīkojuma un pakalpojumu kvalitāti.;Pakalpojumi
35-9099.00;Ēdienu gatavošanas un apkalpošanas darbinieks, visi pārējie;Visi ar ēdienu gatavošanu un pasniegšanu saistītie darbinieki nav atsevišķi uzskaitīti.;Pakalpojumi
37-1011.00;Mājturības un sētnieku pirmās rindas uzraugs;Tieši uzrauga un koordinē uzkopšanas personāla darba aktivitātes viesnīcās, slimnīcās, birojos un citās iestādēs.;Pakalpojumi
37-1012.00;Ainavu veidošanas, zāliena apkalpošanas un zemes kopšanas darbinieku pirmās līnijas uzraugs;"Tieši uzrauga un koordinē to darbinieku darbības, kas nodarbojas ar apzaļumošanas vai teritorijas kopšanas darbībām. Darbs var ietvert līgumu pārskatīšanu, lai noskaidrotu pakalpojumu, iekārtu un darbaspēka prasības; atbild uz potenciālo klientu jautājumiem par metodēm, materiāliem un cenu diapazoniem; un tāmju sagatavošana atbilstoši darbaspēka, materiālu un mašīnu izmaksām.";Pakalpojumi
37-2011.00;Sētnieks un apkopējs, izņemot istabenes un mājsaimniecības apkopējas;Uztur ēkas tīrā un sakārtotā stāvoklī. Veic smagus tīrīšanas darbus, piemēram, grīdu tīrīšanu, paklāju mazgāšanu ar šampūnu, sienu un stiklu mazgāšanu un atkritumu izvešanu. Pienākumos var ietilpt krāsns un katla kopšana, ikdienas apkopes darbību veikšana, vadības paziņošana par remonta nepieciešamību un sniega vai gružu tīrīšana no ietves.;Pakalpojumi
37-2012.00;Istabene un mājturības apkopējs;Veic jebkuru vieglu tīrīšanas darbu kombināciju, lai privātās mājsaimniecības vai tirdzniecības iestādes, piemēram, viesnīcas un slimnīcas, uzturētu tīras un sakārtotas. Pienākumos var ietilpt gultu saklāšana, veļas papildināšana, telpu un priekšnamu uzkopšana un putekļsūcējs.;Pakalpojumi
37-2019.00;Ēku uzkopšanas darbinieks, visi pārējie;Visi ēku tīrīšanas darbinieki, kas nav uzskaitīti atsevišķi.;Pakalpojumi
37-2021.00;Kaitēkļu kontroles darbinieks;Uzklāj vai atbrīvo ķīmiskos šķīdumus vai toksiskas gāzes un uzstāda slazdus, ​​lai iznīcinātu vai likvidētu kaitēkļus un kaitēkļus, kas invadē ēkas un apkārtējās teritorijas.;Pakalpojumi
37-3011.00;Apzaļumošanas strādnieks;Labiekārto vai kopj īpašumu, izmantojot rokas vai elektroinstrumentus vai aprīkojumu. Strādnieki parasti veic dažādus uzdevumus, kas var ietvert jebkuru šo darbību kombināciju: velēnu ieklāšana, pļaušana, apgriešana, stādīšana, laistīšana, mēslošana, rakšana, grābšana, sprinkleru uzstādīšana un bezjavas segmentu betona mūra sienu elementu uzstādīšana.;Pakalpojumi
37-3012.00;Pesticīdu apstrādātāji, smidzinātāji un aplikatori, veģetācija;Sajauc vai uzklāj pesticīdus, herbicīdus, fungicīdus vai insekticīdus, izmantojot aerosolus, putekļus, tvaikus, iestrādājot augsnē vai ķīmiski uzklājot uz kokiem, krūmiem, zālājiem vai kultūraugiem. Parasti nepieciešama īpaša apmācība un valsts vai federālā sertifikācija.;Pakalpojumi
37-3013.00;Koku apzāģētāji un apgriezēji;Izmantojot sarežģītus kāpšanas un takelāžas paņēmienus, nogriež nokaltušus vai liekos zarus no kokiem vai krūmiem, lai saglabātu taisnību uz ceļiem, ietvēm vai inženierkomunikācijām vai uzlabotu koka izskatu, veselību un vērtību. Apgriež vai apstrādā kokus vai krūmus, izmantojot rokas zāģus, rokas grieznes, šķēres un mehāniskās grieznes. Darbojas no zemes koku lapotnē un var izmantot kravas automašīnā uzstādītus liftus.;Pakalpojumi
37-3019.00;Teritorijas apkopes darbinieks, visi pārējie;Visi zemes apkopes darbinieki nav atsevišķi uzskaitīti.;Pakalpojumi
39-1013.00;Azartspēļu pakalpojumu darbinieku pirmās līnijas uzraugs;Tieši uzrauga un koordinē darbinieku aktivitātes piešķirtajās azartspēļu zonās. Var apiet pie galdiem, novērot darbības un nodrošināt, ka stacijas un spēles ir nodrošinātas katrai maiņai. Var pārbaudīt un atmaksāt džekpotus. Var atiestatīt spēļu automātus pēc izmaksām un veikt remontu vai regulēšanu, vai ieteikt noņemt spēļu automātus remontam. Var plānot un organizēt aktivitātes un pakalpojumus viesiem viesnīcās/kazino.;Pakalpojumi
39-1014.00;Izklaides un atpūtas darbinieku pirmās līnijas uzraugs, izņemot azartspēļu pakalpojumus;Tieši uzrauga un koordinē ar izklaidi un atpūtu saistīto darbinieku darbības.;Pakalpojumi
39-1022.00;Personīgo pakalpojumu darbinieku pirmās līnijas uzraugs;Uzrauga un koordinē personīgo pakalpojumu darbinieku darbību.;Pakalpojumi
39-2011.00;Dzīvnieku dresētājs;Apmāca dzīvniekus izjādes, iejūgšanas, drošības, veiktspējas vai paklausības nodrošināšanai vai palīdzības sniegšanai personām ar invaliditāti. Pieradina dzīvniekus pie cilvēka balss un kontakta, kā arī sagatavo dzīvniekus reaģēt uz komandām. Apmāca dzīvniekus saskaņā ar noteiktiem šovu vai sacensību standartiem. Var apmācīt dzīvniekus pārvadā paku kravas vai strādāt bara komandas sastāvā.;Pakalpojumi
39-2021.00;Dzīvnieku aprūpētājs;Baro, dzirdina, kopj, mazgāj, vingro vai citādi rūpējas, lai veicinātu un uzturētu mājdzīvnieku un citu dzīvnieku, kas netiek audzēti patēriņam, labklājību, piemēram, suņiem, kaķiem, sacīkšu zirgiem, dekoratīvajām zivīm vai putniem, zoodārza dzīvniekiem un pelēm. Strādā tādās vietās kā suņu audzētavās, dzīvnieku patversmēs, zooloģiskajos dārzos, cirkos un akvārijos. Var veikt ierakstus par barošanu, ārstēšanu un saņemtajiem vai izvadītajiem dzīvniekiem. Var tīrīt, dezinficēt un labot būrus, aizgaldus vai zivju tvertnes.;Pakalpojumi
39-3011.00;Azartspēļu krupjē;Darbojas galda spēles. Stāv vai sēž aiz galda un rīko azartspēles, izsniedzot spēlētājiem atbilstošu kāršu vai bloku skaitu vai darbinot citu azartspēļu aprīkojumu. Izdala laimestus vai savāc spēlētāju naudu vai žetonus. Var salīdzināt mājas roku ar spēlētāju rokām.;Pakalpojumi
39-3012.00;Azartspēļu un sporta grāmatu rakstītājs un skrējējs;Publicē informāciju, kas ļauj apmeklētājiem likt likmes uz dažādām sacīkstēm un sporta pasākumiem. Palīdz spēlēt tādas spēles kā keno un bingo. Var darbināt nejaušu skaitļu ģenerēšanas iekārtu un paziņo numurus patroniem. Saņem, pārbauda un ieraksta patronu likmes. Skenē un apstrādā patronu uzrādītās laimestu biļetes un izmaksāj laimestus par šīm likmēm.;Pakalpojumi
39-3019.00;Azartspēļu dienesta darbinieks, visi pārējie;Visi azartspēļu pakalpojumu darbinieki, kas nav uzskaitīti atsevišķi.;Pakalpojumi
39-3021.00;Kinomehāniķis;Uzstāda un darbina kinofilmu projicēšanas un saistītās skaņas reproducēšanas iekārtas.;Pakalpojumi
39-3031.00;Vestibila dežurants un biļešu pārņēmējs;Palīdz apmeklētājiem izklaides pasākumos, veicot pienākumus, piemēram, vācot no apmeklētājiem ieejas biļetes un caurlaides, palīdzot atrast sēdvietas, meklēt pazaudētos priekšmetus un palīdz apmeklētājiem atrast tādas telpas kā tualetes un tālruņus.;Pakalpojumi
39-3091.00;Izklaides un atpūtas pavadonis;Veic dažādus apmeklēšanas pienākumus atrakciju vai atpūtas iestādē. Var ieplānot atpūtas iespēju izmantošanu, uzturēt un nodrošināt aprīkojumu sporta pasākumu vai atpūtas pasākumu dalībniekiem vai rīkot izklaides koncesijas un braucienus.;Pakalpojumi
39-3092.00;Kostīmu dežuranti;Atlasa, pielāgo un parūpējas par kostīmiem dalībniekiem, kā arī palīdz izklaidētājiem. Var palīdzēt ar vairākām kostīmu maiņām izrādes laikā.;Pakalpojumi
39-3093.00;Ģērbtuves apkalpotājs;Nodrošina personīgās lietas patroniem vai klientiem ģērbtuvēs, ģērbtuvēs vai ģērbtuvēs.;Pakalpojumi
39-3099.00;Izklaides pavadonis un saistītais darbinieks, visi pārējie;Visi izklaides pavadoņi un saistītie darbinieki nav uzskaitīti atsevišķi.;Pakalpojumi
39-4011.00;Balzamētājs;Sagatavo struktūras ieslodzījumam atbilstoši tiesību aktu prasībām.;Pakalpojumi
39-4012.00;Krematorijas operatori;Izmanto krematorijas aprīkojumu, lai cilvēku vai dzīvnieku atliekas samazinātu līdz kaulu fragmentiem saskaņā ar valsts un vietējiem noteikumiem. Pienākumos var ietilpt ķermeņa sagatavošana kremācijai un krematorijas aprīkojuma vispārējās apkopes veikšana. Var izmantot tradicionālo kremēšanu, kalcinēšanu vai sārmaino hidrolīzi, pamatojoties uz liesmu.;Pakalpojumi
39-4021.00;Bēru dežurants;Apbedīšanas laikā veic dažādus uzdevumus, piemēram, novieto zārku zālē vai kapelā pirms dievkalpojuma, kārto ziedu piedāvājumus vai apgaismojumu ap zārku, vada vai pavada sērotājus, aizver zārku un izsniedz un uzglabā apbedīšanas aprīkojumu.;Pakalpojumi
39-4031.00;Mortiķis, apbedītājs un bēru organizētājs;Veic dažādus uzdevumus, lai organizētu un vadītu individuālos apbedīšanas pakalpojumus, piemēram, koordinētu līķu nogādāšanu morgā, intervētu ģimeni vai citu pilnvarotu personu, lai vienotos par detaļām, izvēlētos amatpersonas, palīdzot izvēlas reliģisko rituālu amatpersonas un nodrošina sērotāju transportu.;Pakalpojumi
39-5011.00;Bārddziņi;"Sniedz frizētavas pakalpojumus, piemēram, matu griešanu, apgriešanu, mazgāšanu ar šampūnu un ieveidošanu; bārdas apgriešana; vai skūšanās.";Pakalpojumi
39-5012.00;Frizieri, matu stilisti un kosmetologi;Sniedz skaistumkopšanas pakalpojumus, piemēram, matu griešanu, krāsošanu un ieveidošanu, kā arī galvas ādas masāžu un ārstēšanu. Var mazgāt matus ar šampūnu, uzklāt kosmētiku, ģērbt parūkas, noņemt matus un sniegt nagu un ādas kopšanas pakalpojumus.;Pakalpojumi
39-5091.00;Grima mākslinieks, teātra un izrādes;Uzklāj izpildītājiem kosmētiku, lai atspoguļotu viņu lomas periodu, vidi un situāciju.;Pakalpojumi
39-5092.00;Manikīra un pedikīra meistars;Notīra un veido klientu roku un kāju nagus. Var pulēt vai dekorēt nagus.;Pakalpojumi
39-5093.00;Šampūna speciālists;Nomazgāj un izskalo klientu matus.;Pakalpojumi
39-5094.00;Ādas kopšanas speciālists;Nodrošina sejas un ķermeņa ādas kopšanas procedūras, lai uzlabotu indivīda izskatu. Ietver elektrologus un lāzerepilācijas speciālistus.;Pakalpojumi
39-6011.00;Bagāžas nesēji un viesnīcas pažāji;Apstrādā bagāžu ceļotājiem transporta terminālos vai viesiem viesnīcās vai līdzīgās iestādēs.;Pakalpojumi
39-6012.00;Konsjerži;"Palīdz apmeklētājiem viesnīcā, dzīvokļos vai biroju ēkā ar personīgiem pakalpojumiem. Var pieņemt ziņas; organizē vai sniedz konsultācijas par transportu, biznesa pakalpojumiem vai izklaidi; vai uzrauga viesu pieprasījumus par uzkopšanu un apkopi.";Pakalpojumi
39-7011.00;Tūrisma gids un eskorts;Pavada personas vai grupas apskates ekskursijās vai apskata apskates vietas, piemēram, rūpniecības iestādes, sabiedriskās ēkas un mākslas galerijas.;Pakalpojumi
39-7012.00;Ceļvedis;Plāno, organizē un vada tālsatiksmes ceļojumus, ekskursijas un ekspedīcijas personām un grupām.;Pakalpojumi
39-9011.00;Bērnu aprūpes darbinieks;Apmeklē bērnus skolās, uzņēmumos, privātās mājsaimniecībās un bērnu aprūpes iestādēs. Veic dažādus uzdevumus, piemēram, ģērbjas, baro, mazgājas vannā un pārraudzī spēli.;Pakalpojumi
39-9011.01;Auklīte;Rūpēties par bērniem privātās mājsaimniecībās un sniedz atbalstu un zināšanas vecākiem bērnu fizisko, emocionālo, intelektuālo un sociālo vajadzību apmierināšanā. Pienākumos var ietilpt ēdienreižu plānošana un sagatavošana, veļas mazgāšana un apģērbu kopšana, rotaļu un izbraukumu organizēšana, disciplīna, intelektuālā stimulēšana, valodas aktivitātes un transportēšana.;Pakalpojumi
39-9031.00;Vingrošanas treneris un grupu fitnesa instruktors;Instruē vai apmāca grupas vai indivīdus vingrojumu aktivitātēs, kuru galvenais mērķis ir personiskās sagatavotības nodrošināšana. Demonstrē metodes un veido, novēro dalībniekus un izskaidro viņiem korektīvos pasākumus, kas nepieciešami viņu prasmju uzlabošanai. Izstrādā un ievieš individualizētas pieejas vingrinājumiem.;Pakalpojumi
39-9032.00;Atpūtas darbinieks;Veic atpūtas pasākumus ar grupām publiskās, privātās vai brīvprātīgo aģentūrās vai atpūtas iestādēs. Organizē un veicina aktivitātes, piemēram, mākslu un amatniecību, sportu, spēles, mūziku, dramaturģiju, sociālo atpūtu, kempingus un vaļaspriekus, ņemot vērā atsevišķu dalībnieku vajadzības un intereses.;Pakalpojumi
39-9041.00;Dzīvojamo māju konsultants;Koordinē aktivitātes vidusskolas un koledžas kopmītnēs, grupu mājās vai līdzīgās iestādēs. Pasūta preces un nosaka vajadzību pēc apkopes, remonta un mēbelēm. Var uzturēt mājsaimniecības uzskaiti un piešķirt telpas. Var palīdzēt iedzīvotājiem problēmu risināšanā vai novirzīt viņus uz konsultāciju resursiem.;Pakalpojumi
39-9099.00;Personīgās aprūpes un pakalpojumu darbinieks, visi pārējie;Visi personīgās aprūpes un pakalpojumu darbinieki nav uzskaitīti atsevišķi.;Pakalpojumi
41-1011.00;Mazumtirdzniecības darbinieku pirmās līnijas uzraugs;Tieši uzrauga un koordinē mazumtirdzniecības darbinieku darbības uzņēmumā vai nodaļā. Pienākumi var ietvert vadības funkcijas, piemēram, iepirkumu, budžeta plānošanu, grāmatvedību un personāla darbu, papildus uzraudzības pienākumiem.;Finanses
41-1012.00;Nemazumtirdzniecības darbinieku pirmās līnijas uzraugs;Tieši uzrauga un koordinē pārdošanas darbinieku, kas nav mazumtirdzniecības darbinieki, darbības. Papildus uzraudzības pienākumiem var veikt tādus pienākumus kā budžeta veidošana, grāmatvedība un personāla darbs.;Finanses
41-2011.00;Kasieris;Saņem un izmaksāt naudu iestādēs, kas nav finanšu iestādes. Var izmantot elektroniskos skenerus, kases aparātus vai saistītu aprīkojumu. Var apstrādāt kredītkaršu vai debetkaršu darījumus un apstiprināt čekus.;Finanses
41-2012.00;Azartspēļu maiņas persona un kabīnes kasieris;Apmaina monētas, žetonus un žetonus pret klientu naudu. Var izsniegt izmaksas un saņem klienta parakstu saņemšanas brīdī. Var darboties ar kabīni spēļu automātu zonā un maiņas sākumā apgādāt naudas maiņas personas ar naudas banku vai skaitīt un revidēt naudu atvilktnēs.;Finanses
41-2021.00;Letes un nomas darbinieki;Saņem pasūtījumus, parasti klātienē, remontam, nomai un pakalpojumiem. Var aprakstīt pieejamās iespējas, aprēķināt izmaksas un pieņemt maksājumu.;Finanses
41-2022.00;Detaļu pārdevējs;Pārdod rezerves un rezerves daļas un aprīkojumu remontdarbnīcā vai detaļu veikalā.;Finanses
41-2031.00;Mazumtirdzniecības pārdevējs;Pārdod patērētājiem preces, piemēram, mēbeles, mehāniskos transportlīdzekļus, ierīces vai apģērbu.;Finanses
41-3011.00;Reklāmas tirdzniecības aģents;Pārdod vai pieprasa reklāmas laukumu, laiku vai medijus publikācijās, izkārtnēs, TV, radio vai interneta iestādēs vai publiskās vietās.;Finanses
41-3021.00;Apdrošināšanas tirdzniecības aģents;Pārdod dzīvības, īpašuma, negadījumu, veselības, automobiļu vai cita veida apdrošināšanu. Var novirzīt klientus pie neatkarīgiem brokeriem, strādāt par neatkarīgu brokeri vai būt nodarbinātiem apdrošināšanas sabiedrībā.;Finanses
41-3031.00;Vērtspapīru, preču un finanšu pakalpojumu tirdzniecības aģents;Pērk un pārdod vērtspapīrus vai preces ieguldījumu un tirdzniecības firmās vai sniedz finanšu pakalpojumus uzņēmumiem un privātpersonām. Var konsultēt klientus par akcijām, obligācijām, kopfondiem, precēm un tirgus nosacījumiem.;Finanses
41-3041.00;Ceļojumu aģents;Plāno un pārdod transportu un izmitināšanu klientiem. Nosaka galamērķi, transporta veidus, ceļojuma datumus, izmaksas un nepieciešamo izmitināšanu. Var arī aprakstīt, plānot un sakārtot maršrutus un pārdot ceļojumu paketes. Var palīdzēt atrisina klientu ceļošanas problēmas.;Finanses
41-3091.00;Pakalpojumu tirdzniecības pārstāvis, izņemot reklāmu, apdrošināšanu, finanšu pakalpojumus un ceļojumus;Pārdod pakalpojumus privātpersonām vai uzņēmumiem. Var aprakstīt iespējas vai atrisināt klienta problēmas.;Finanses
41-4011.00;Tirdzniecības pārstāvis, vairumtirdzniecība un ražošana, tehniskie un zinātniskie izstrādājumi;Pārdod preces vairumtirgotājiem vai ražotājiem, kur nepieciešamas tehniskas vai zinātniskas zināšanas tādās jomās kā bioloģija, inženierija, ķīmija un elektronika, kas parasti iegūtas pēc vismaz 2 gadu pēcvidusskolas izglītības.;Finanses
41-4011.07;Saules enerģijas tirdzniecības pārstāvis un vērtētājs;Sazinās ar jauniem vai esošajiem klientiem, lai noteiktu viņu vajadzības pēc saules enerģijas, ieteiktu sistēmas vai aprīkojumu vai novērtētu izmaksas.;Finanses
41-4012.00;Tirdzniecības pārstāvis, vairumtirdzniecība un ražošana, izņemot tehniskos un zinātniskos produktus;Pārdod preces vairumtirgotājiem vai ražotājiem uzņēmumiem vai privātpersonu grupām. Darbam ir nepieciešamas pamatīgas zināšanas par pārdotajām precēm.;Finanses
41-9011.00;Demonstrētājs un produktu reklamētājs;Demonstrē preces un atbild uz jautājumiem, lai radītu sabiedrības interesi par produkta iegādi. Var pārdot demonstrētas preces.;Finanses
41-9012.00;Modeļi;Modeļu apģērbi vai citi apģērbi un aksesuāri potenciālajiem pircējiem modes skatēs, privātās izstādēs vai mazumtirdzniecības iestādēs. Var pozēt fotogrāfijām, ko izmanto žurnālos vai reklāmās. Var būt par tēmu gleznām, skulptūrām un citiem mākslinieciskās izteiksmes veidiem.;Finanses
41-9021.00;Nekustamā īpašuma brokeris;Pārvalda nekustamā īpašuma biroju vai strādā komerciālā nekustamā īpašuma firmā, pārraugot darījumus ar nekustamo īpašumu. Citi pienākumi parasti ietver nekustamā īpašuma pārdošanu vai īpašumu izīrēšanu un aizdevumu kārtošanu.;Finanses
41-9022.00;Nekustamā īpašuma tirdzniecības aģenti;Iznomā, pērk vai pārdod īpašumu klientiem. Veic tādus pienākumus kā izpēta īpašumu sarakstus, intervēt potenciālos klientus, pavadīt klientus līdz īpašuma objektam, apspriež pārdošanas nosacījumus un sastādīt nekustamā īpašuma līgumus. Ietver aģentus, kas pārstāv pircēju.;Finanses
41-9031.00;Pārdošanas inženieris;Pārdod biznesa preces vai pakalpojumus, kuru pārdošanai nepieciešamas tehniskās zināšanas, kas līdzvērtīgas bakalaura grādam inženierzinātnēs.;Finanses
41-9041.00;Telemārketinga speciālisti;Pieprasa ziedojumus vai preču vai pakalpojumu pasūtījumus pa tālruni.;Finanses
41-9091.00;Tiešās tirdzniecības darbinieks, ziņu un ielu pārdevējs, kā arī saistītais darbinieks;Pārdod preces vai pakalpojumus no durvīm līdz durvīm vai uz ielas.;Finanses
41-9099.00;Pārdošanas un saistītais darbinieks, visi pārējie;Visi pārdošanas darbinieki un saistītie darbinieki nav uzskaitīti atsevišķi.;Finanses
43-1011.00;Biroja un administratīvā atbalsta darbinieku pirmās līnijas uzraugs;Tieši pārraudzī un koordinē lietvedības un administratīvā atbalsta darbinieku darbību.;Administrācija
43-2011.00;Komutatora operators, ieskaitot atbildētāja pakalpojumu;Izmanto tālruņa biznesa sistēmu aprīkojumu vai sadales paneļus, lai pārsūtītu ienākošos, izejošos un starpbiroju zvanus. Var sniegt informāciju zvanītājiem un ierakstīt ziņas.;Administrācija
43-2021.00;Telefona operators;Sniedz informāciju, piekļūstot alfabētiskajiem, ģeogrāfiskajiem vai citiem direktorijiem. Palīdz klientiem saistībā ar īpašiem norēķinu pieprasījumiem, piemēram, trešo pušu iekasēšanu un kredītu vai naudas atmaksu par nepareizi sastādītiem numuriem vai sliktiem savienojumiem. Var veikt ārkārtas zvanus un palīdzēt bērniem vai cilvēkiem ar fiziskiem traucējumiem veic tālruņa zvanus.;Administrācija
43-2099.00;Sakaru iekārtu operators, visi pārējie;Visi sakaru iekārtu operatori nav uzskaitīti atsevišķi.;Administrācija
43-3011.00;Rēķinu un kontu iekasētājs;Atrod un paziņo klientiem par maksātnespējīgiem kontiem, izmantojot pastu, tālruni vai personīgu apmeklējumu, lai pieprasītu maksājumu. Pienākumos ietilpst maksājuma saņemšana un summas iegrāmatošana klienta kontā, izrakstu sagatavošana kredīta nodaļai, ja klients nereaģē, atgūšanas procesa vai pakalpojuma atslēgšanas uzsākšana, kā arī kontu iekasēšanas un statusa uzskaite.;Administrācija
43-3021.00;Norēķinu un norīkošanas ierēdņi;Apkopo, aprēķina un reģistrē norēķinu, grāmatvedības, statistikas un citus skaitliskos datus norēķinu vajadzībām. Sagatavo rēķinus par sniegtajiem pakalpojumiem vai preču piegādi vai nosūtīšanu.;Administrācija
43-3031.00;Grāmatvedības, grāmatvedības un revīzijas darbinieks;Aprēķina, klasificē un ieraksta skaitliskos datus, lai finanšu uzskaite būtu pilnīga. Veic jebkuru parasto aprēķinu, grāmatošanas un pārbaudes pienākumu kombināciju, lai iegūtu primāros finanšu datus izmantošanai grāmatvedības uzskaites uzturēšanai. Var arī pārbaudīt citu darbinieku reģistrēto skaitļu, aprēķinu un ziņojumu precizitāti, kas attiecas uz biznesa darījumiem.;Administrācija
43-3041.00;Azartspēļu būra darbinieks;Azartspēļu iestādē veic finanšu darījumus klientu labā. Pieņem patrona kredīta pieteikumu un pārbauda kredīta atsauces, lai sniegtu čeku skaidras naudas atļauju vai izveidotu mājas kredīta kontus. Var saskaņot ikdienas darījumu kopsavilkumus ar bilances grāmatām. Var pārdot azartspēļu žetonus, žetonus vai biļetes apmeklētājiem vai citiem darbiniekiem, lai tos pārdotu tālāk klientiem. Pēc patrona pieprasījuma var konvertēt azartspēļu žetonus, žetonus vai biļetes valūtā. Darījuma ierakstīšanai var izmantot kases aparātu vai datoru.;Administrācija
43-3051.00;Algu un laika uzskaites ierēdņi;Apkopo un ieraksta darbinieku laika un algas datus. Var aprēķināt darbinieku nostrādāto laiku, ražošanu un komisijas naudu. Var aprēķināt un reģistrēt algas un atskaitījumus vai sagatavot algas čekus.;Administrācija
43-3061.00;Iepirkumu ierēdņi;Apkopo informāciju un ierakstus, lai noformētu iepirkuma pasūtījumus materiālu un pakalpojumu iepirkumam.;Administrācija
43-3071.00;Bankas kasieris;Saņem un izmaksāt naudu. Saglabā naudas un tirgojamo instrumentu uzskaiti, kas iesaistīti dažādos finanšu iestādes darījumos.;Administrācija
43-3099.00;Finanšu ierēdņi, visi pārējie;Visi finanšu darbinieki nav uzskaitīti atsevišķi.;Administrācija
43-4011.00;Starpniecības ierēdņi;Veic pienākumus, kas saistīti ar vērtspapīru pirkšanu, pārdošanu vai turēšanu. Pienākumos ietilpst akciju pirkšanas vai pārdošanas pasūtījumu rakstīšana, pārveduma nodokļu aprēķināšana, akciju darījumu pārbaude, vērtspapīru pieņemšana un piegāde, akciju cenu svārstību izsekošana, pašu kapitāla aprēķināšana, dividenžu sadale un ikdienas darījumu un turējumu uzskaite.;Administrācija
43-4021.00;Korespondences ierēdņi;Raksta vēstules vai elektronisku korespondenci, atbildot uz preču pieprasījumiem, pretenzijām par zaudējumiem, kredīta un citu informāciju, maksātnespējīgiem kontiem, nepareiziem rēķiniem vai neapmierinošiem pakalpojumiem. Pienākumos var ietilpt datu vākšana atbildes formulēšanai un sarakstes sagatavošana.;Administrācija
43-4031.00;Tiesu, pašvaldību un licences ierēdņi;"Veic biroja pienākumus tiesās, pašvaldībās vai valsts licencēšanas aģentūrās un birojos. Var sagatavot izsaukuma lietu protokolu; droša informācija tiesnešiem un tiesai; sagatavo pilsētas vai pilsētas domes darba kārtības vai nolikuma projektus; atbild uz oficiālo korespondenci; veic fiskālo uzskaiti un grāmatvedību; izsniegt licences vai atļaujas; un reģistrē datus, pārvalda testus vai iekasē maksas.";Administrācija
43-4041.00;Kredītu pilnvarotie, pārbaudītāji un ierēdņi;Autorizē kredītmaksas no klientu kontiem. Izpēta to privātpersonu vai uzņēmumu vēsturi un kredītvēsturi, kas piesakās kredītam. Var intervēt pretendentus, lai iegūtu personas un finanšu datus, noteiktu kredītspēju, apstrādātu pieteikumus un informētu klientus par kredīta pieņemšanu vai noraidīšanu.;Administrācija
43-4051.00;Klientu apkalpošanas pārstāvji;Sadarbojas ar klientiem, lai sniegtu pamata vai skriptu informāciju, atbildot uz ikdienas jautājumiem par produktiem un pakalpojumiem. Var izskatīt un atrisināt vispārīgas sūdzības. Neietver personas, kuru pienākumi galvenokārt ir uzstādīšana, pārdošana, remonts un tehniskais atbalsts.;Administrācija
43-4061.00;Atbilstības intervētāji, valdības programmas;Nosaka to personu tiesības, kas piesakās palīdzības saņemšanai no valdības programmām un aģentūru resursiem, piemēram, labklājības, bezdarbnieka pabalstiem, sociālās apdrošināšanas un valsts mājokļiem.;Administrācija
43-4071.00;Lietu ierēdņi;Iesniegt korespondenci, kartes, rēķinus, kvītis un citus ierakstus alfabēta vai ciparu secībā vai atbilstoši izmantotajai kartotēkai. Pēc pieprasījuma atrod un izņem materiālu no faila.;Administrācija
43-4081.00;Viesnīcas, moteļa un kūrortu biroja darbinieks;Izmitina viesnīcu, moteļu un kūrortu apmeklētājus, reģistrējot un piešķirot numuriņus viesiem, izsniedzot numuru atslēgas vai kartes, pārsūtot un saņemot ziņojumus, veicot uzskaiti par aizņemtajām istabām un viesu kontiem, veicot un apstiprinot rezervācijas, kā arī iesniedzot izrakstus viesiem un iekasējot no tiem maksājumus.;Administrācija
43-4111.00;Intervētāji, izņemot tiesības un aizdevumu;Intervē personas pa tālruni, pastu, klātienē vai citādā veidā, lai aizpildītu veidlapas, pieteikumus vai anketas. Uzdod konkrētus jautājumus, ieraksta atbildes un palīdz personām aizpilda veidlapu. Var kārtot, klasificēt un kārtot veidlapas.;Administrācija
43-4121.00;Bibliotēkas palīgi, lietvedis;Apkopo ierakstus un kārto, novieto plauktos, izsniedz un saņem bibliotēkas materiālus, piemēram, grāmatas, elektroniskos datu nesējus, attēlus, kartītes, slaidus un mikrofilmas. Atrod aizdodamies bibliotēkas materiālus un nomaina materiālus plauktu zonā, kaudzēm vai failos atbilstoši identifikācijas numuram un nosaukumam. Reģistrē patronus, lai viņi varētu aizņemties grāmatas, periodiskos izdevumus un citus bibliotēkas materiālus.;Administrācija
43-4131.00;Kredīta intervētāji un ierēdņi;"Intervē aizdevuma pretendentus, lai iegūtu informāciju; izpēta pretendentu pieredzi un pārbauda atsauces; sagatavo aizdevuma pieprasījuma dokumentus; un pārsūta konstatējumus, ziņojumus un dokumentus novērtēšanas nodaļai. Pārskata aizdevuma dokumentus, lai nodrošinātu pilnīgumu, un pēc aizdevuma apstiprināšanas pabeidz darījumus starp aizdevuma nodibināšanu, aizņēmējiem un pārdevējiem.";Administrācija
43-4141.00;Jaunu kontu darbinieks;Intervē personas, kuras vēlas atvērt kontus finanšu iestādēs. Izskaidro potenciālajiem klientiem pieejamos konta pakalpojumus un palīdz viņiem sagatavo pieteikumus.;Administrācija
43-4151.00;Kārtības ierēdņi;"Saņem un apstrādā ienākošos pasūtījumus par materiāliem, precēm, klasificētiem sludinājumiem vai pakalpojumiem, piemēram, remontu, uzstādīšanu vai telpu nomu. Parasti saņem pasūtījumus pa pastu, tālruni, faksu vai citiem elektroniskiem līdzekļiem. Pienākumos ietilpst klientu informēšana par saņemšanu, cenām, nosūtīšanas datumiem un kavējumiem; preparing contracts; and handling complaints.";Administrācija
43-4161.00;Cilvēkresursu asistenti, izņemot algas un laika uzskaiti;Sastādīt un veic personāla uzskaiti. Ieraksta datus par katru darbinieku, piemēram, adresi, iknedēļas ienākumus, prombūtnes, pārdošanas vai ražošanas apjomu, uzraudzības ziņojumus, kā arī izbeigšanas datumu un iemeslu. Var sagatavot ziņojumus par nodarbinātības uzskaiti, iesniegt darba ierakstus vai meklēt darbinieku failus un sniegt informāciju pilnvarotajām personām.;Administrācija
43-4171.00;Reģistratūras darbinieks un informācijas darbinieks;Atbild uz jautājumiem un sniedz informāciju plašākai sabiedrībai, klientiem, apmeklētājiem un citiem interesentiem par darbībām, kas tiek veiktas departamentu, biroju un darbinieku dibināšanā un atrašanās vietā organizācijā.;Administrācija
43-4181.00;Rezervēšanas un transporta biļešu aģents un ceļojumu darbinieks;"Veic un apstiprina transporta vai naktsmītņu rezervācijas vai pārdod transporta biļetes. Var reģistrēt bagāžu un novirzīt pasažierus uz norādīto laukumu, piestātni vai trasi; piegādāt biļetes un sazinās ar personām un grupām, lai informētu tās par kompleksajām ekskursijām; vai sniedz tūristiem informāciju par ceļošanu vai transportu.";Administrācija
43-4199.00;Informācijas un ierakstu darbinieki, visi pārējie;Visa informācija un lietveži nav atsevišķi uzskaitīti.;Administrācija
43-5011.00;Kravu un kravu aģenti;Paātrina un maršrutēt ienākošo un izejošo kravu un kravu sūtījumu pārvietošanos aviosabiedrību, vilcienu un kravas terminālos un kuģu dokos. Pieņem pasūtījumus no klientiem un organizē kravas un kravas saņemšanu nogādāšanai uz iekraušanas platformu. Sagatavo un pārbauda pavadzīmes, lai noteiktu piegādes maksas un tarifus.;Administrācija
43-5011.01;Ekspeditori;Izpēta produktu nosūtīšanas tarifus, maršrutus vai transporta veidus. Uztur izpratni par noteikumiem, kas ietekmē starptautisko kravu kustību. Vienojas par papildu pakalpojumiem, piemēram, uzglabāšanu vai iekšzemes transportu.;Administrācija
43-5021.00;Kurjeri un sūtņi;Saņem un nogādāj ziņojumus, dokumentus, pakas un citus priekšmetus starp birojiem vai nodaļām uzņēmumā vai tieši citiem biznesa uzņēmumiem, ceļojot ar kājām, velosipēdu, motociklu, automašīnu vai sabiedrisko transportu.;Administrācija
43-5031.00;Sabiedriskās drošības telekomunikatori;Izmanto tālruņa, radio vai citas sakaru sistēmas, lai saņemtu un sazinātos ārkārtas palīdzības lūgumus 9-1-1 sabiedriskās drošības reaģēšanas punktos un ārkārtas operāciju centros. Pieņem informāciju no sabiedrības un citiem avotiem par noziegumiem, draudiem, nekārtībām, terora aktiem, ugunsgrēkiem, neatliekamām medicīniskām situācijām un citiem sabiedriskās drošības jautājumiem. Var koordinēt un sniegt informāciju tiesībaizsardzības un ārkārtas reaģēšanas darbiniekiem. Ja nepieciešams, var piekļūt sensitīvām datu bāzēm un citiem informācijas avotiem. Var sniegt papildu norādījumus zvanītājiem, pamatojoties uz zināšanām un sertifikātiem par tiesībaizsardzības, ugunsgrēka vai neatliekamās medicīniskās palīdzības procedūrām.;Administrācija
43-5032.00;Dispečeri, izņemot policiju, ugunsdzēsēju un ātro palīdzību;Plāno un nosūta darbiniekus, darba apkalpes, aprīkojumu vai servisa transportlīdzekļus materiālu, kravu vai pasažieru pārvadāšanai vai parastai uzstādīšanai, apkalpošanai vai ārkārtas remontdarbiem, kas tiek veikti ārpus uzņēmuma vietas. Pienākumos var ietilpt radio, telefona vai datora izmantošana, lai pārsūtītu uzdevumus un apkopotu statistiku un ziņojumus par darba gaitu.;Administrācija
43-5041.00;Skaitītāju lasītāji, komunālie pakalpojumi;Nolasīt skaitītāju un reģistrē elektrības, gāzes, ūdens vai tvaika patēriņu.;Administrācija
43-5051.00;Pasta dienesta ierēdņi;"Veic jebkuru uzdevumu kombināciju Amerikas Savienoto Valstu pasta dienesta (USPS) pasta nodaļā, piemēram, saņem vēstules un sūtījumus; pārdod pastmarkas un ieņēmumu markas, pasta kartes un apzīmogotas aploksnes; aizpilda un pārdod naudas pārvedumus; ievietot pastu pasta plaukta baložu caurumos vai maisos; un pārbauda pasta sūtījumu pareizas pasta izmaksas. Ietver pasta pakalpojumu darbiniekus, kurus nodarbina USPS līgumslēdzēji.";Administrācija
43-5052.00;Pasta dienesta pastnieki;Kārto un piegādā pastu Amerikas Savienoto Valstu pasta dienestam (USPS). Piegādā pastu noteiktā maršrutā ar transportlīdzekli vai kājām. Ietver pasta pakalpojumu pasta pārvadātājus, kurus nodarbina USPS līgumslēdzēji.;Administrācija
43-5053.00;Pasta dienesta pasta šķirotāji, apstrādātāji un apstrādes iekārtu operatori;Sagatavo ienākošo un izejošo pastu izplatīšanai ASV pasta dienestam (USPS). Pārbauda, kārtot un maršrutēt pastu. Ielādē, darbina un laiku pa laikam pielāgo un labo pasta apstrādes, šķirošanas un atcelšanas iekārtas. Veic sūtījumu, maisiņu un maisu uzskaiti un veic citus pienākumus, kas saistīti ar pasta apstrādi pasta dienestā. Ietver pasta pakalpojumu pasta šķirotājus un apstrādātājus, ko nodarbina USPS līgumslēdzēji.;Administrācija
43-5061.00;Ražošanas, plānošanas un paātrināšanas ierēdņi;"Koordinē un paātrina darba un materiālu plūsmu uzņēmuma nodaļās vai starp tām saskaņā ar ražošanas grafiku. Pienākumos ietilpst ražošanas, darba un nosūtīšanas grafiku pārskatīšana un izplatīšana; apspriežoties ar nodaļu vadītājiem, lai noteiktu darba gaitu un pabeigšanas datumus; un ziņojumu sastādīšana par darba gaitu, krājumu līmeni, izmaksām un ražošanas problēmām.";Administrācija
43-5071.00;Nosūtīšanas, saņemšanas un inventarizācijas darbinieks;Pārbauda un uztur ierakstus par ienākošajiem un izejošajiem sūtījumiem, kas ietver krājumus. Pienākumos ietilpst ienākošo preču vai materiālu pārbaude un uzskaite un produktu transportēšanas organizēšana. Var sagatavot preces nosūtīšanai.;Administrācija
43-5111.00;Svērēji, mērītāji, kontrolieri un paraugu ņēmēji, lietvedība;Nosver, izmēra un pārbauda materiālus, piederumus un aprīkojumu, lai saglabātu attiecīgos ierakstus. Pienākumi pēc būtības galvenokārt ir kancelejas darbi. Ietver strādniekus, kas vāc un glabā izstrādājumu vai materiālu paraugus.;Administrācija
43-6011.00;Izpildsekretāri un izpildadministratīvie asistenti;Sniedz augsta līmeņa administratīvo atbalstu, veicot pētījumus, sagatavojot statistikas pārskatus un apstrādājot informācijas pieprasījumus, kā arī veicot ikdienas administratīvās funkcijas, piemēram, korespondences sagatavošanu, apmeklētāju pieņemšanu, konferences zvanu organizēšanu un sapulču plānošanu. Var arī apmācīt un uzraudzīt zemāka līmeņa biroja darbiniekus.;Administrācija
43-6012.00;Juridiskie sekretāri un administratīvie asistenti;Veic sekretāra pienākumus, izmantojot juridisko terminoloģiju, procedūras un dokumentus. Sagatavo juridiskos dokumentus un korespondenci, piemēram, pavēstes, sūdzības, ierosinājumus un pavēstes. Var arī palīdzēt juridiskajos pētījumos.;Administrācija
43-6013.00;Medicīnas sekretāri un administratīvie asistenti;Veic sekretāra pienākumus, izmantojot īpašas zināšanas par medicīnisko terminoloģiju un slimnīcas, klīnikas vai laboratorijas procedūrām. Pienākumos var ietilpt tikšanās plānošana, rēķinu izrakstīšana pacientiem, kā arī medicīnisko diagrammu, ziņojumu un sarakstes sastādīšana un ierakstīšana.;Administrācija
43-6014.00;Sekretāri un administratīvie asistenti, izņemot juridiskos, medicīniskos un izpilddirektorus;Veic parastās administratīvās funkcijas, piemēram, sarakstes sastādīšanu, tikšanos plānošanu, papīra un elektronisko failu organizēšanu un uzturēšanu vai informācijas sniegšanu zvanītājiem.;Administrācija
43-9021.00;Datu ievades operatori;Izmanto datu ievades ierīci, piemēram, tastatūru vai fotoattēlu rakstīšanas perforatoru. Pienākumos var ietilpt datu pārbaude un materiālu sagatavošana drukāšanai.;Administrācija
43-9022.00;Tekstu apstrādātāji un mašīnrakstītāji;Izmanto tekstapstrādes programmu, datoru vai rakstāmmašīnu, lai rakstītu burtus, atskaites, veidlapas vai citus materiālus no aptuvenā melnraksta, labotas kopijas vai balss ieraksta. Var veikt citus lietvedības pienākumus, kā noteikts.;Administrācija
43-9031.00;Galddatoru izdevējs;Formatē mašīnrakstu un grafiskos elementus, izmantojot datoru programmatūru, lai sagatavotu publikācijai gatavu materiālu.;Administrācija
43-9041.00;Apdrošināšanas atlīdzību un polišu apstrādes ierēdņi;Apstrādā jaunas apdrošināšanas polises, esošo polišu izmaiņas un prasību veidlapas. Iegūst informāciju no apdrošinājuma ņēmējiem, lai pārbaudītu prasības veidlapās, pieteikumos un saistītajos dokumentos, kā arī uzņēmuma ierakstos esošās informācijas precizitāti un pilnīgumu. Atjaunina esošās politikas un uzņēmuma ierakstus, lai atspoguļotu apdrošinājuma ņēmēju un apdrošināšanas sabiedrību pārstāvju pieprasītās izmaiņas.;Administrācija
43-9051.00;Pasta darbinieki un pasta iekārtu operatori, izņemot pasta pakalpojumus;"Sagatavo ienākošo un izejošo pastu izplatīšanai. Laika zīmogs, ienākošā pasta atvēršana, lasīšana, kārtošana un maršrutēšana; un adrese, zīmogs, zīmogs, salocīt, sabāzt un piestiprināt pasta izdevumus izejošajam pastam vai pakām. Pienākumos var ietilpt arī nepieciešamo uzskaiti un aizpildītās veidlapas.";Administrācija
43-9061.00;Biroja darbinieki, vispārējie;Veic pārāk daudzveidīgus un daudzveidīgus pienākumus, lai tos varētu klasificēt kādā konkrētā biroja ierēdņa profesijā, kam nepieciešamas zināšanas par biroja sistēmām un procedūrām. Lietvedības pienākumus var uzticēt saskaņā ar atsevišķu iestāžu biroja procedūrām, un tie var ietvert automātisko atbildētāju, grāmatvedības, mašīnrakstīšanas vai tekstapstrādes, biroja iekārtu darbību un kartotēkas kombināciju.;Administrācija
43-9071.00;Biroja iekārtu operatori, izņemot datorus;Darbina vienu vai vairākas no dažādām biroja iekārtām, piemēram, kopēšanas, fotografēšanas un pavairošanas iekārtas vai citas biroja iekārtas.;Administrācija
43-9081.00;Korektors un kopēšanas marķieris;Izlasa atšifrējuma vai pierādījuma veida iestatījumus, lai atklātu un atzīmētu labošanai visas gramatikas, tipogrāfijas vai kompozīcijas kļūdas. Neietver darbiniekus, kuru galvenais pienākums ir kopiju rediģēšana. Ietver Braila korektorus.;Administrācija
43-9111.00;Statistikas asistenti;Apkopo un aprēķina datus pēc statistikas formulām izmantošanai statistikas pētījumos. Var veikt aktuāru aprēķinus un apkopot diagrammas un grafikus aktuāriem. Ietver aktuāros ierēdņus.;Administrācija
43-9199.00;Biroja un administratīvā atbalsta darbinieki, visi pārējie;Visi biroja un administratīvā atbalsta darbinieki, kas nav uzskaitīti atsevišķi.;Administrācija
45-1011.00;Lauksaimniecības, zvejniecības un mežsaimniecības darbinieku pirmās līnijas uzraugi;Tieši uzrauga un koordinē lauksaimniecības, mežsaimniecības, akvakultūras un saistīto darbinieku darbības.;Lauksaimniecība
45-2011.00;Lauksaimniecības inspektori;Pārbauda lauksaimniecības preces, apstrādes iekārtas un iekārtas, kā arī zivju un mežizstrādes darbības, lai nodrošinātu atbilstību noteikumiem un likumiem, kas reglamentē veselību, kvalitāti un drošību.;Lauksaimniecība
45-2021.00;Dzīvnieku audzētājs;Izvēlas un audzē dzīvniekus atbilstoši to ģenealoģijai, īpašībām un pēcnācējiem. Var būt nepieciešamas zināšanas par mākslīgās apsēklošanas metodēm un aprīkojuma izmantošanu. Var ietvert uzskaiti par karstumiem, dzimšanas intervāliem vai ciltsrakstiem.;Lauksaimniecība
45-2041.00;Kvalitātes vērtētāji un šķirotāji, lauksaimniecības produkti;Novērtē, kārto vai klasificē neapstrādātu pārtiku un citus lauksaimniecības produktus pēc izmēra, svara, krāsas vai stāvokļa.;Lauksaimniecība
45-2091.00;Lauksaimniecības iekārtu operatori;"Piedziņas un vadības aprīkojums lauksaimniecības darbību atbalstam, piemēram, augsnes apstrādei; kultūraugu stādīšana, kultivēšana un ražas novākšana; mājlopu barošana un ganīšana; vai dzīvnieku atkritumu izvešana. Var veikt tādus uzdevumus kā labības presēšana vai siena rakšana. Var darbināt stacionāru aprīkojumu, lai veiktu darbus pēc ražas novākšanas, piemēram, lobīšana, lobīšana, kulšana un attīrīšana.";Lauksaimniecība
45-2092.00;Laukstrādnieki un strādnieki, labība, stādaudzētava un siltumnīca;"Manuāli stāda, kultivē un novāc dārzeņus, augļus, riekstus, dārzkopības produktus un laukaugus. Izmanto rokas instrumentus, piemēram, lāpstas, špakteļlāpstiņas, kapļus, tamperus, atzarošanas āķus, šķēres un nažus. Pienākumos var ietilpt augsnes apstrāde un mēslošanas līdzekļu izmantošana; kultūraugu pārstādīšana, ravēšana, retināšana vai atzarošana; pesticīdu lietošana; vai novākto produktu tīrīšana, šķirošana, šķirošana, iepakošana un iekraušana. Var būvēt režģus, remontēt žogus un saimniecības ēkas vai piedalīties apūdeņošanas pasākumos.";Lauksaimniecība
45-2093.00;Laukstrādnieks, fermas, rančo un akvakultūras dzīvnieki;"Apmeklē dzīvu fermu, fermu, atklātu laukumu vai akvakultūras dzīvniekus, tostarp liellopus, aitas, cūkas, kazas, zirgus un citus zirgu dzimtas dzīvniekus, mājputnus, trušus, spuras zivis, vēžveidīgos un bites. Apmeklē dzīvniekus, kas ražoti dzīvnieku izcelsmes produktiem, piemēram, gaļu, kažokādu, ādām, spalvām, olām, pienu un medu. Pienākumos var ietilpt dzīvnieku barošana, dzirdināšana, ganīšana, ganīšana, slaukšana, kastrēšana, apzīmēšana, knābju noņemšana, svēršana, ķeršana un iekraušana. Var veikt uzskaiti par dzīvniekiem; pārbauda dzīvniekus, lai atklātu slimības un traumas; palīdz dzemdībās; un pēc vajadzības ievada medikamentus, vakcinācijas vai insekticīdus. Var tīrīt un uzturēt dzīvnieku novietnes. Ietver strādniekus, kas cirp aitu vilnu un savāc olas inkubatoros.";Lauksaimniecība
45-2099.00;Lauksaimniecības strādnieki, visi pārējie;Visi lauksaimniecībā nodarbinātie, kas nav uzskaitīti atsevišķi.;Lauksaimniecība
45-3031.00;Makšķerēšanas un medību darbinieks;Medīt, ķert, ķert vai savāc savvaļas dzīvniekus vai ūdens dzīvniekus un augus. Var izmantot tīklus, slazdus vai citu aprīkojumu. Var vilkt lomu uz kuģa vai cita kuģa.;Lauksaimniecība
45-4011.00;Meža un dabas aizsardzības darbinieks;"Uzraudzībā veic roku darbu, kas nepieciešams, lai attīstītu, uzturētu vai aizsargātu tādas teritorijas kā meži, meža apgabali, meži, mitrāji un ganību apgabali, veicot tādas darbības kā stādu audzēšana un transportēšana; kukaiņu, kaitēkļu un augu dzīvībai kaitīgo slimību apkarošana; un būvkonstrukcijas, lai kontrolētu ūdeni, eroziju un augsnes izskalošanos. Ietver mežsargu palīgus, sējeņu izvilcējus, koku stādītājus un mežsaimniecības produktu, kas nav saistīti ar koksni, piemēram, priežu salmiem, savācējus.";Lauksaimniecība
45-4021.00;Koku cirtējs;Izmanto cirvjus vai motorzāģus, lai gāztu kokus, izmantojot zināšanas par koku īpašībām un griešanas paņēmieniem, lai kontrolētu krišanas virzienu un samazinātu koku bojājumus.;Lauksaimniecība
45-4022.00;Mežizstrādes iekārtu operatori;"Piebrauc mežizstrādes traktoram vai riteņu transportlīdzeklim, kas aprīkots ar vienu vai vairākiem piederumiem, piemēram, buldozera asmeni, frontālo griezni, satvērēju, mežizstrādes arku, trošu vinčām, pacēlāju vai celtņa strēli, lai nogāztu koku; slīdēt, iekraut, izkraut vai sakraut baļķus; vai izvilkt celmus vai notīrīt suku. Ietver atsevišķu mežizstrādes mašīnu, piemēram, baļķu šķeldotāju, darbību.";Lauksaimniecība
45-4023.00;Baļķu šķirotāji un uzmērītāji;Novērtē apaļkokus vai novērtē baļķu vai papīrmalkas tirgojamo saturu vai vērtību šķirošanas laukumos, dzirnavu dīķos, baļķu klājā vai līdzīgās vietās. Pārbauda, vai baļķos nav defektu, vai izmēra baļķus, lai noteiktu apjomu.;Lauksaimniecība
45-4029.00;Mežizstrādes strādnieki, visi pārējie;Visi mežizstrādes darbinieki nav atsevišķi uzskaitīti.;Lauksaimniecība
47-1011.00;Būvniecības darbu un ieguves strādnieku pirmās rindas uzraugi;Tieši uzrauga un koordinē būvniecības vai ieguves strādnieku darbības.;Celtniecība
47-1011.03;Saules enerģijas uzstādīšanas vadītājs;Tiešā darba brigādes, kas uzstāda dzīvojamās vai komerciālās saules fotoelementu vai siltuma sistēmas.;Celtniecība
47-2011.00;Katlu ražotājs;Stacionāro tvaika katlu un katlu māju palīgierīču būvēšana, montāža, apkope un remonts. Izlīdzina konstrukcijas vai plākšņu sekcijas, lai montētu katla rāmja tvertnes vai tvertnes, ievērojot rasējumus. Darbs ir saistīts ar rokas un elektroinstrumentu, svērtenes, līmeņu, ķīļu, suņu vai sviru izmantošanu. Palīdz pārbaudīt saliktos traukus. Katlu un katlu krāšņu tiešā tīrīšana. Pārbauda un remontē katlu piederumus, piemēram, drošības vārstus, regulatorus, automātiskās vadības mehānismus, ūdens kolonnas un palīgmašīnas.;Celtniecība
47-2021.00;Mūrnieks un blokmūrnieks;Sienu, starpsienu, arku, kanalizācijas un citu konstrukciju būvniecībai vai remontam ar javu un citām vielām ieklāt un saista būvmateriālus, piemēram, ķieģeļus, konstrukcijas flīzes, betona blokus, plēnes blokus, stikla blokus un terakotas blokus.;Celtniecība
47-2022.00;Akmeņkalis;Veido akmens konstrukcijas, piemēram, balstus, sienas un abatmentus. Ieklāj celiņus, apmales vai īpašus mūra veidus tvertnēm, tvertnēm un grīdām.;Celtniecība
47-2031.00;Galdnieks;"būvē, būvē, uzstāda vai remontē konstrukcijas un armatūras, kas izgatavotas no koka un salīdzināmiem materiāliem, piemēram, betona veidnēm; ēku karkasi, tostarp starpsienas, sijas, radzes un spāres; un koka kāpnes, logu un durvju rāmji un cietkoksnes grīdas. Var uzstādīt arī skapjus, apšuvumu, ģipškartona un siksnu vai ruļļu izolāciju. Ietver siksnu būvētājus, kas būvē durvis vai kronšteinus (ventilācijas sienas vai starpsienas) pazemes ejās.";Celtniecība
47-2041.00;Paklāju uzstādītājs;Uzklāj un uzstāda uz grīdas paklāju no ruļļiem vai blokiem. Uzstāda polsterējuma un apdares grīdas seguma materiālus.;Celtniecība
47-2042.00;Grīdas seguma licēji, izņemot paklājus, koku un cietās flīzes;Uzklāj grīdām blokus, sloksnes vai loksnes ar triecienu absorbējošu, skaņu slāpējošu vai dekoratīvu pārklājumu.;Celtniecība
47-2043.00;Grīdas slīpētāji un apdarinātāji;Noskrāpē un slīpē koka grīdas, lai izlīdzinātu virsmas, izmantojot grīdas skrāpi un grīdas slīpēšanas mašīnu, un uzklāj apdares kārtas.;Celtniecība
47-2044.00;Flīžu un akmens licēji;Uzklāj cietas flīzes, akmeni un salīdzināmus materiālus uz sienām, grīdām, griestiem, darba virsmām un jumta klājiem.;Celtniecība
47-2051.00;Cementa mūrnieki un betona apdari;"Gludas un apdares betona virsmas, piemēram, grīdas, gājēju celiņi, ietves, ceļi vai apmales, izmantojot dažādus rokas un elektroinstrumentus. Izlīdzina veidlapas ietvēm, apmalēm vai notekcaurulēm; plākstera tukšumi; un izmanto zāģus, lai grieztu izplešanās šuves.";Celtniecība
47-2053.00;Terrazzo strādnieks un apdarinātājs;Uzklāj cementa, smilšu, pigmenta vai marmora šķembu maisījumu uz grīdām, kāpnēm un skapju armatūru, lai veidotu izturīgas un dekoratīvas virsmas.;Celtniecība
47-2061.00;Celtniecības strādnieks;Veic uzdevumus, kas saistīti ar fizisku darbu būvlaukumos. Var darbināt visu veidu rokas un elektroinstrumentus: pneimatiskos āmurus, zemes blietētājus, cementa maisītājus, mazos mehāniskos pacēlājus, mērniecības un mērīšanas iekārtas un dažādas citas iekārtas un instrumentus. Var tīrīt un sagatavot vietas, rakt tranšejas, uzstādīt stiprinājumus, lai atbalstītu izrakumu malas, būvē sastatnes un tīrīt gruvešus, gružus un citus atkritumus. Var palīdzēt citiem amatniekiem.;Celtniecība
47-2071.00;Bruģēšanas, seguma un blietēšanas iekārtu operatori;Darbina aprīkojumu, ko izmanto betona, asfalta vai citu materiālu uzklāšanai uz ceļa gultnēm, autostāvvietām vai lidostu skrejceļiem un manevrēšanas ceļiem vai grants, netīrumu vai citu materiālu blietēšanai. Ietver betona un asfalta ieklāšanas mašīnu operatorus, veidņu blietētājus, blietēšanas mašīnu operatorus un akmens kaisītāju operatorus.;Celtniecība
47-2072.00;Pāļu dzīšanas operatori;Darbina pāļu dzinējus, kas uzstādīti uz sānslīdēm, liellaivām, kāpurķēžu kāpnēm vai lokomotīvju celtņiem, lai vadītu pāļus, kas paredzēti atbalsta sienām, starpsienām un konstrukciju, piemēram, ēku, tiltu un piestātņu, pamatiem.;Celtniecība
47-2073.00;Operatīvie inženieri un citu celtniecības iekārtu operatori;Izmanto viena vai vairāku veidu jaudas celtniecības iekārtas, piemēram, motorgreiderus, buldozerus, skrāpjus, kompresorus, sūkņus, stieņus, lāpstas, traktorus vai frontālos iekrāvējus, lai izraktu, pārvietotu un greiderētu zemi, celtu konstrukcijas vai ielietu betonu vai citu cietu segumu. Var remontēt un uzturēt aprīkojumu papildus citiem pienākumiem.;Celtniecība
47-2081.00;Ģipškartona un griestu flīžu uzstādītājs;Ēku griestiem vai iekšējām sienām uzklāt ģipškartona vai citas sienas plāksnes. Uzklāj vai uzstāda akustiskās flīzes vai blokus, sloksnes vai triecienu absorbējošu materiālu loksnes uz ēku griestiem un sienām, lai samazinātu vai atspoguļotu skaņu. Materiāliem var būt dekoratīva kvalitāte. Ietver putas, kas piestiprina koka, metāla vai klinšu dēļu līstes pie ēku sienām, griestiem vai starpsienām, lai nodrošinātu atbalsta pamatni apmetumam, ugunsdrošībai vai akustiskam materiālam.;Celtniecība
47-2082.00;Ģipškartona šuvējs;Noblīvē savienojumus starp ģipškartona plāksnēm vai citu sienu plātni, lai sagatavotu sienas virsmu krāsošanai vai papīra aplīmēšanai.;Celtniecība
47-2111.00;Elektriķi;Uzstāda, apkalpo un remontē elektrisko vadu, aprīkojumu un armatūru. Pārliecinās, ka darbs notiek saskaņā ar attiecīgajiem kodiem. Var uzstādīt vai apkalpot ielu apgaismojumu, domofonu sistēmas vai elektriskās vadības sistēmas.;Celtniecība
47-2121.00;Stiklotājs;Uzstāda stiklu logos, jumta logos, veikalu fasādēs un vitrīnās vai uz virsmām, piemēram, ēku fasādēm, iekšējām sienām, griestiem un galda virsmām.;Celtniecība
47-2131.00;Izolācijas strādnieki, grīdas, griesti un sienas;Līniju un segumu konstrukcijas ar izolācijas materiāliem. Var strādāt ar vates, ruļļu vai pūstiem izolācijas materiāliem.;Celtniecība
47-2132.00;Izolācijas strādnieki, mehāniķi;Uzklāj izolācijas materiālus caurulēm vai kanāliem vai citām mehāniskām sistēmām, lai palīdzētu kontrolē un uztur temperatūru.;Celtniecība
47-2141.00;Krāsotāji, celtniecība un apkope;Krāso sienas, iekārtas, ēkas, tiltus un citas konstrukcijas virsmas, izmantojot otas, rullīšus un smidzināšanas pistoles. Var noņemt veco krāsu, lai sagatavotu virsmu pirms krāsošanas. Var sajaukt krāsas vai eļļas, lai iegūtu vēlamo krāsu vai konsistenci.;Celtniecība
47-2142.00;Tapešu līmētāji;Pārklāj telpu iekšējās sienas vai griestus ar dekoratīvām tapetēm vai audumu vai piestiprina reklāmas plakātus uz tādām virsmām kā sienas un reklāmas stendi. Var noņemt vecos materiālus vai sagatavot virsmas papīrēšanai.;Celtniecība
47-2151.00;Cauruļu licēji;Ieliek cauruli vētras vai kanalizācijas kanalizācijai, notekcaurulēm un ūdensvadam. Veic jebkuru šādu uzdevumu kombināciju: nogremdē tranšejas vai caurtekas, novieto cauruli vai noblīvē savienojumus.;Celtniecība
47-2152.00;Santehniķis, cauruļvadu montieris un tvaika montieris;Samontē, uzstāda, pārveido un labo cauruļvadus vai cauruļu sistēmas, kas pārvadā ūdeni, tvaiku, gaisu vai citus šķidrumus vai gāzes. Var uzstādīt apkures un dzesēšanas iekārtas un mehāniskās vadības sistēmas. Ietver sprinkleru montierus.;Celtniecība
47-2152.04;Saules siltuma uzstādītāji un tehniķi;Uzstāda vai remontē saules enerģijas sistēmas, kas paredzētas, lai savāktu, uzglabātu un cirkulētu ar saules enerģiju apsildāmu ūdeni dzīvojamo, komerciālo vai rūpniecisko vajadzībām.;Celtniecība
47-2161.00;Apmetējs un apmetuma mūrnieks;Uzklāj iekšējo vai ārējo apmetumu, cementu, apmetumu vai līdzīgus materiālus. Var iestatīt arī dekoratīvo apmetumu.;Celtniecība
47-2171.00;Dzelzs un armatūras strādnieks;Novieto un nostiprina tērauda stieņus vai sietu betona formās, lai armētu betonu. Izmanto dažādus stiprinājumus, stieņu liekšanas mašīnas, pūtējus un rokas instrumentus. Ietver stieņu busterus.;Celtniecība
47-2181.00;Jumiķi;Pārklāj konstrukciju jumtus ar šindeļiem, šīferi, asfaltu, alumīniju, koku vai saistītiem materiāliem. Var apsmidzināt jumtus, apšuvumus un sienas ar materiālu, lai savienotu, noblīvētu, izolētu vai skaņu necaurlaidīgas konstrukciju daļas.;Celtniecība
47-2211.00;Lokšņu metāla strādnieks;"Izgatavo, montē, uzstāda un remontē lokšņu metāla izstrādājumus un aprīkojumu, piemēram, kanālus, vadības kārbas, notekcaurules un krāsns korpusus. Darbs var ietvert jebkuru no šiem: ražošanas mašīnu uzstādīšana un darbība, lai grieztu, liektu un iztaisnotu lokšņu metālu; metāla formēšana uz laktām, blokiem vai formām, izmantojot āmuru; lodēšanas un metināšanas iekārtu darbība, lai savienotu lokšņu metāla detaļas; vai pārbaužu virsmu šuvju un savienojumu pārbaude, montāža un izlīdzināšana. Ietver lokšņu metāla kanālu uzstādītājus, kas uzstāda saliekamus lokšņu metāla kanālus, ko izmanto apkurei, gaisa kondicionēšanai vai citiem mērķiem.";Celtniecība
47-2221.00;Konstrukciju dzelzs un tērauda strādnieks;Paceļ, novieto un savieno dzelzs vai tērauda sijas, kolonnas un citus konstrukcijas elementus, lai izveidotu pabeigtas konstrukcijas vai konstrukciju karkasus. Var uzstādīt metāla uzglabāšanas tvertnes un montēt saliekamās metāla ēkas.;Celtniecība
47-2231.00;Saules fotoelementu uzstādītājs;Montē, uzstāda vai apkopo saules fotoelektriskās (PV) sistēmas uz jumtiem vai citām konstrukcijām saskaņā ar vietas novērtējumu un shēmām. Var ietvert konstrukcijas rāmju un saules moduļu mērīšanu, griešanu, montāžu un pieskrūvēšanu. Var veikt nelielus elektriskus darbus, piemēram, strāvas pārbaudes.;Celtniecība
47-3011.00;Palīgi — ķieģeļmūrnieki, blokmūrnieki, akmeņkaļi un flīžu un marmora kalēji;Palīdz ķieģeļmūrniekiem, blokmūrniekiem, akmeņkaļiem vai flīžu un marmora uzstādītājiem, veicot pienākumus, kuriem nepieciešamas mazāk prasmes. Pienākumos ietilpst materiālu vai instrumentu izmantošana, piegāde vai turēšana, kā arī darba zonas un aprīkojuma tīrīšana.;Celtniecība
47-3012.00;Palīgs — galdnieks;Palīdz galdniekiem, veicot pienākumus, kas prasa mazāk prasmju. Pienākumos ietilpst materiālu vai instrumentu izmantošana, piegāde vai turēšana, kā arī darba zonas un aprīkojuma tīrīšana.;Celtniecība
47-3013.00;Palīgi - elektriķi;Palīdz elektriķiem, veicot pienākumus, kas prasa mazāk prasmju. Pienākumos ietilpst materiālu vai instrumentu izmantošana, piegāde vai turēšana, kā arī darba zonas un aprīkojuma tīrīšana.;Celtniecība
47-3014.00;Palīgi — krāsotāji, pakaramie, apmetēji un apmetuma mūrnieki;Palīdz krāsotājiem, pakaramajiem, apmetējiem vai apmetuma mūrniekiem, veicot pienākumus, kas prasa mazāk prasmju. Pienākumos ietilpst materiālu vai instrumentu izmantošana, piegāde vai turēšana, kā arī darba zonas un aprīkojuma tīrīšana.;Celtniecība
47-3015.00;Palīgi — cauruļu būvētāji, santehniķi, cauruļu montieri un tvaika montieri;Palīdz santehniķiem, cauruļu montieriem, tvaika montieriem vai cauruļu ieguldītājiem, veicot pienākumus, kam nepieciešamas mazāk prasmes. Pienākumos ietilpst materiālu vai instrumentu izmantošana, piegāde vai turēšana, kā arī darba zonas un aprīkojuma tīrīšana.;Celtniecība
47-3016.00;Palīgi — jumiķi;Palīdz jumiķiem, veicot pienākumus, kas prasa mazāk prasmju. Pienākumos ietilpst materiālu vai instrumentu izmantošana, piegāde vai turēšana, kā arī darba zonas un aprīkojuma tīrīšana.;Celtniecība
47-3019.00;Palīgi, būvdarbi, viss pārējais;Visi būvdarbu palīgi nav atsevišķi uzskaitīti.;Celtniecība
47-4011.00;Būvinspektori un būvinspektori;Pārbauda konstrukcijas, izmantojot inženiertehniskās prasmes, lai noteiktu konstrukcijas stabilitāti un atbilstību specifikācijām, būvnormatīviem un citiem noteikumiem. Pārbaudes var būt vispārīgas vai aprobežotas ar noteiktu jomu, piemēram, elektriskajām sistēmām vai santehniku.;Celtniecība
47-4011.01;Energoauditori;Veic ēku, ēku sistēmu vai procesu sistēmu energoauditus. Var veikt arī ēku vai sistēmu investīciju līmeņa auditus.;Celtniecība
47-4021.00;Liftu un eskalatoru uzstādītājs un remontētājs;Montē, uzstāda, remontē vai apkopo elektriskos vai hidrauliskos kravas vai pasažieru liftus, eskalatorus vai mēles.;Celtniecība
47-4031.00;Žogu būvētājs;Uzcelt un remontē žogus un žogu vārtus, izmantojot rokas un elektroinstrumentus.;Celtniecība
47-4041.00;Bīstamo materiālu izvešanas darbinieks;Identificē, noņem, iesaiņo, transportē vai atbrīvojas no bīstamiem materiāliem, tostarp azbesta, svina bāzes krāsām, atkritumeļļu, degvielu, transmisijas šķidrumu, radioaktīviem materiāliem vai piesārņotu augsni. Parasti ir nepieciešama specializēta apmācība un sertifikācija bīstamo materiālu apstrādē vai ierobežotas iebraukšanas atļauja. Var darbināt zemes pārvietošanas iekārtas vai kravas automašīnas.;Celtniecība
47-4051.00;Lielceļu apkopes darbinieks;Uztur šosejas, pašvaldību un lauku ceļus, lidostu skrejceļus un ceļu tiesības. Pienākumos ietilpst salauztu vai erodētu ietvju lāpīšana un aizsargmargas, šosejas marķieru un sniega žogu remonts. Var arī pļaut vai notīrīt krūmu no ceļa, vai arī uzart sniegu no brauktuves.;Celtniecība
47-4061.00;Sliežu ceļu ieklāšanas un apkopes iekārtu operatori;Ieklāj, remontē un apkopo sliežu ceļu standarta vai šaursliežu dzelzceļa aprīkojumam, ko izmanto regulārajā dzelzceļa satiksmē vai rūpnīcu pagalmos, karjeros, smilšu un grants bedrēs un raktuvēs. Ietver balasta tīrīšanas mašīnu operatorus un dzelzceļa gultņu blietēšanas mašīnu operatorus.;Celtniecība
47-4071.00;Septisko tvertņu apkalpotājs un kanalizācijas cauruļu tīrītājs;Iztīra un salabo septiskās tvertnes, kanalizācijas caurules vai notekas. Var aizlāpīt tvertnes sienas un starpsienas, nomaina bojātās kanalizācijas flīzes vai salabot pazemes cauruļvadu bojājumus.;Celtniecība
47-4091.00;Segmentu bruģētāji;Izklāj, izgriež un novieto segmentālās bruģēšanas vienības. Ietver bruģa vienību pakaišu un ierobežojošo materiālu uzstādītājus.;Celtniecība
47-4099.00;Celtniecības un ar to saistītie darbinieki, visi pārējie;Visi būvniecības un ar to saistītie darbinieki nav atsevišķi uzskaitīti.;Celtniecība
47-4099.03;Meteorizācijas uzstādītāji un tehniķi;Veic dažādas darbības, lai padarītu mājas laika apstākļus un padarītu tās energoefektīvākas. Pienākumos ietilpst logu remonts, kanālu siltināšana un apkures, ventilācijas un gaisa kondicionēšanas (HVAC) darbu veikšana. Var veikt energoauditus un konsultēt klientus par enerģijas taupīšanas pasākumiem.;Celtniecība
47-5011.00;Derika operatori, nafta un gāze;Uzstāda deriku aprīkojumu un darbina sūkņus, lai cirkulētu dubļus vai šķidrumu caur urbuma caurumu.;Celtniecība
47-5012.00;Rotācijas urbjmašīnas, naftas un gāzes;Iestata vai darbina dažādas urbjmašīnas, lai noņemtu pazemes naftu un gāzi, vai izņemtu serdes paraugus testēšanai naftas un gāzes izpētes laikā.;Celtniecība
47-5013.00;Servisa vienību operatori, nafta un gāze;Izmanto iekārtas, lai palielinātu eļļas plūsmu no ieguves urbumiem vai noņemtu iestrēgušu cauruli, korpusu, instrumentus vai citus šķēršļus no urbšanas akām. Ietver zvejas rīku tehniķus.;Celtniecība
47-5022.00;Rakšanas un iekraušanas mašīnu un velkoņu operatori, virszemes ieguve;Virszemes ieguves vietā darbina vai kopj iekārtas, kas aprīkotas ar kausiņiem, lāpstām vai spaiņiem, lai izraktu un iekrautu vaļējus materiālus.;Celtniecība
47-5023.00;Zemes urbji, izņemot naftu un gāzi;Izmanto dažādas urbjmašīnas, piemēram, rotācijas, urbšanas un pneimatiskās urbjmašīnas, lai izskalotu pazemes ūdeni un sāls nogulsnes, noņemtu serdes paraugus derīgo izrakteņu izpētes vai augsnes testēšanas laikā un atvieglotu sprāgstvielu izmantošanu kalnrūpniecībā vai būvniecībā. Ietver horizontālo un zemes urbšanas iekārtu operatorus.;Celtniecība
47-5032.00;Sprāgstvielu strādnieks, munīcijas apstrādes eksperts un spridzinātājs;Novieto un detonē sprāgstvielas, lai nojauktu konstrukcijas vai atbrīvotu, noņemtu vai pārvietotu zemi, akmeņus vai citus materiālus. Var veikt specializētas apstrādes, uzglabāšanas un uzskaites procedūras.;Celtniecība
47-5041.00;Pastāvīgi kalnrūpniecības mašīnu operatori;Darbina pašgājējas kalnrūpniecības mašīnas, kas izrauj ogles, metālu un nemetālu rūdas, akmeņus, akmeņus vai smiltis no raktuves virsmas un nepārtraukti iekrauj to konveijeros, maršruta vagonos vai kravas automašīnās.;Celtniecība
47-5043.00;Pazemes jumta enkurotāji, kalnrūpniecība;Darbina mehānismus, lai uzstādītu jumta atbalsta skrūves pazemes raktuvēs.;Celtniecība
47-5044.00;Iekraušanas un pārvietošanas mašīnu operatori, pazemes kalnrūpniecība;Izmanto pazemes iekraušanas vai pārvietošanas mašīnu, lai iekrautu vai pārvietotu ogles, rūdu vai iežus, izmantojot atspoles vai raktuvju automašīnu vai konveijerus. Aprīkojumā var ietilpt jaudas lāpstas, pacelšanas dzinēji, kas aprīkoti ar trošu vilktu skrāpi vai liekšķeri, vai mašīnas, kas aprīkotas ar savākšanas svirām un konveijeru.;Celtniecība
47-5049.00;Pazemes kalnrūpniecības mašīnu operatori, visi pārējie;Visi pazemes raktuvju iekārtu operatori nav uzskaitīti atsevišķi.;Celtniecība
47-5051.00;Akmens skaldītāji, karjers;Atdala rupja izmēra akmens blokus no karjera masas, izmantojot domkratus, ķīļus vai griešanas zāģus.;Celtniecība
47-5071.00;Palīgstrādnieki, nafta un gāze;Samontē vai remontē naftas atradņu iekārtas, izmantojot rokas un elektroinstrumentus. Veic citus uzdevumus pēc vajadzības.;Celtniecība
47-5081.00;Palīgs — ieguves strādnieks;Palīdz ieguves kuģu strādniekiem, piemēram, zemes urbējiem, spridzināšanas un sprāgstvielu strādniekiem, stieņu operatoriem un kalnrūpniecības iekārtu operatoriem, veicot pienākumus, kuriem nepieciešamas mazāk prasmes. Pienākumos ietilpst aprīkojuma piegāde vai darba zonas uzkopšana.;Celtniecība
47-5099.00;Ieguves strādnieki, visi pārējie;Visi ieguves darbinieki nav uzskaitīti atsevišķi.;Celtniecība
49-1011.00;Mehāniķu, uzstādītāju un remontētāju pirmās līnijas uzraugi;Tieši uzrauga un koordinē mehāniķu, uzstādītāju un remontētāju darbības. Var arī konsultēt klientus par ieteicamajiem pakalpojumiem. Neietver komandas vai darba vadītājus.;Inženierija
49-2011.00;Datoru, bankomātu un biroja iekārtu remontētājs;Datoru, tekstapstrādes sistēmu, bankomātu un elektronisko biroja iekārtu, piemēram, pavairošanas un faksa aparātu, remonts, apkope vai uzstādīšana.;Inženierija
49-2021.00;Radio, mobilo sakaru un torņu iekārtu uzstādītājs un remontētājs;Remontē, uzstāda vai apkopj mobilās vai stacionārās radio raidīšanas, apraides un uztveršanas iekārtas un divvirzienu radiosakaru sistēmas, ko izmanto mobilo telekomunikāciju, mobilo platjoslas, kuģa-krasta sakaros, kā arī radioiekārtās dienesta un avārijas transportlīdzekļos. Var pārbaudīt un analizēt tīkla pārklājumu.;Inženierija
49-2022.00;Telekomunikāciju iekārtu uzstādītāji un remontētāji, izņemot līniju uzstādītājus;Instalē, iestata, pārkārto vai noņem komutācijas, izplatīšanas, maršrutēšanas un numuru sastādīšanas iekārtas, ko izmanto centrālajos birojos vai galvas stacijās. Telefona, kabeļtelevīzijas, interneta un citu sakaru iekārtu apkalpošana vai remonts klientu īpašumā. Var uzstādīt sakaru iekārtas vai sakaru vadus ēkās.;Inženierija
49-2091.00;Aviācijas tehnikas speciālisti;Instalē, pārbauda, testē, regulē vai remontē aviācijas elektronikas iekārtas, piemēram, radaru, radio, navigācijas un raķešu vadības sistēmas lidmašīnās vai kosmosa transportlīdzekļos.;Inženierija
49-2092.00;Elektromotori, elektroinstrumenti un saistītie remontdarbi;Remontē, apkopo vai uzstāda elektromotorus, vadus vai slēdžus.;Inženierija
49-2093.00;Elektrības un elektronikas uzstādītāji un remontētāji, transporta aprīkojums;Uzstāda, pielāgo vai apkopo mobilās elektroniskās sakaru iekārtas, tostarp skaņas, hidrolokatoru, drošības, navigācijas un novērošanas sistēmas vilcienos, peldlīdzekļos vai citā mobilā aprīkojumā.;Inženierija
49-2094.00;Elektrības un elektronikas remontētāji, komerciālās un rūpnieciskās iekārtas;Remontē, pārbauda, regulē vai uzstāda elektronisko aprīkojumu, piemēram, rūpnieciskās vadības ierīces, raidītājus un antenas.;Inženierija
49-2095.00;Elektrības un elektronikas remonts, spēkstacijas, apakšstacijas un releji;Pārbauda, pārbauda, remontē vai apkopo elektroiekārtas ražošanas stacijās, apakšstacijās un ekspluatācijas relejos.;Inženierija
49-2096.00;Elektronisko iekārtu uzstādītāji un remontētāji, mehāniskie transportlīdzekļi;Uzstāda, diagnosticē vai remontē sakaru, skaņas, drošības vai navigācijas iekārtas mehāniskajos transportlīdzekļos.;Inženierija
49-2097.00;Audiovizuālo iekārtu uzstādītājs un remontētājs;Uzstāda, labo vai pielāgo audio vai televīzijas uztvērējus, stereosistēmas, videokameras, video sistēmas vai citas elektroniskas izklaides iekārtas mājās vai citās vietās. Var veikt kārtējo apkopi.;Inženierija
49-2098.00;Apsardzes un ugunsdrošības signalizācijas sistēmu uzstādītājs;Uzstāda, programmē, uztur un remontē drošības un ugunsdrošības signalizācijas vadus un aprīkojumu. Pārliecinās, ka darbs notiek saskaņā ar attiecīgajiem kodiem.;Inženierija
49-3011.00;Gaisa kuģu mehāniķi un servisa tehniķi;Lidmašīnu dzinēju un mezglu, piemēram, hidraulisko un pneimatisko sistēmu, diagnostika, regulēšana, remonts vai kapitālais remonts.;Inženierija
49-3021.00;Automobiļu virsbūves un saistītais remontētājs;Remontē un atjauno automašīnu virsbūves un iztaisno transportlīdzekļu rāmjus.;Inženierija
49-3022.00;Automobiļu stiklu uzstādītājs un remontētājs;Nomaina vai salabo mehāniskajiem transportlīdzekļiem saplīsušos vējstiklus un logu stiklus.;Inženierija
49-3023.00;Automobiļu servisa tehniķi un mehāniķi;Diagnosticē, pielāgo, salabo vai veic automobiļu kapitālremontu.;Inženierija
49-3031.00;Autobusu un kravas automašīnu mehāniķu un dīzeļdzinēju speciālisti;Veic autobusu un kravas automašīnu diagnostiku, regulēšanu, remontu vai kapitālremontu vai jebkura veida dīzeļdzinēju apkopi un remontu. Ietver mehāniķus, kas galvenokārt strādā ar automašīnu vai kuģu dīzeļdzinējiem.;Inženierija
49-3041.00;Lauksaimniecības tehnikas mehāniķi un servisa tehniķi;Diagnosticē, pielāgo, remontē vai veic kapitālremontu lauksaimniecības tehnikai un transportlīdzekļiem, piemēram, traktoriem, kombainiem, piena iekārtu un apūdeņošanas sistēmām.;Inženierija
49-3042.00;Mobilo smago iekārtu mehānika, izņemot dzinējus;Diagnosticē, pielāgo, remontē vai veic kapitālremontu mobilās mehāniskās, hidrauliskās un pneimatiskās iekārtas, piemēram, celtņi, buldozeri, greideri un konveijeri, ko izmanto celtniecībā, mežizstrādē un kalnrūpniecībā.;Inženierija
49-3043.00;Dzelzceļa vagonu remontētājs;Dzelzceļa ritošā sastāva, raktuvju vagonu vai masu tranzīta dzelzceļa vagonu diagnostika, regulēšana, remonts vai kapitālais remonts.;Inženierija
49-3051.00;Motorlaivu mehāniķi un servisa tehniķi;Remontē un regulē iekšējo vai iekšējo-piekarināmo laivu dzinēju elektriskās un mehāniskās iekārtas.;Inženierija
49-3052.00;Motociklu mehānika;Motociklu, motorolleru, mopēdu, netīrumu velosipēdu vai līdzīgu motorizētu transportlīdzekļu diagnostika, regulēšana, remonts vai kapitālais remonts.;Inženierija
49-3053.00;Āra spēka iekārtas un cita mazo dzinēju mehānika;Diagnosticē, regulē, salabo vai remontē mazos dzinējus, ko izmanto zāles pļāvēju, ķēdes zāģu, atpūtas sporta aprīkojuma un saistītā aprīkojuma darbināšanai.;Inženierija
49-3091.00;Velosipēdu remontētājs;Velosipēdu remonts un serviss.;Inženierija
49-3092.00;Atpūtas transportlīdzekļu servisa tehniķi;Diagnosticē, pārbauda, regulē, remontē vai veic kapitālremontu atpūtas transportlīdzekļiem, tostarp ceļojumu piekabēm. Var specializēties gāzes, elektrisko, hidraulisko, santehnikas vai šasijas/vilkšanas sistēmu apkopē, kā arī ģeneratoru, ierīču un iekšējo komponentu remontā. Ietver darbiniekus, kuri veic pielāgotus furgonu pārveidošanu.;Inženierija
49-3093.00;Riepu remontētājs un mainītājs;Remontē un nomaina riepas.;Inženierija
49-9011.00;Mehānisko durvju remontētājs;Uzstāda, apkalpo vai remontē automātiskos durvju mehānismus un hidrauliskās durvis. Ietver garāžas durvju mehāniku.;Inženierija
49-9012.00;Vadības un vārstu uzstādītāji un remontētāji, izņemot mehāniskās durvis;Uzstāda, remontē un apkopo mehāniskās regulēšanas un vadības ierīces, piemēram, elektriskos skaitītājus, gāzes regulatorus, termostatus, drošības un plūsmas vārstus un citus mehāniskos regulatorus.;Inženierija
49-9021.00;Apkures, gaisa kondicionēšanas un saldēšanas mehāniķis un uzstādītājs;Uzstāda vai remontē apkures, centrālā gaisa kondicionēšanas, HVAC vai saldēšanas sistēmas, tostarp eļļas degļus, karstā gaisa krāsnis un apkures krāsnis.;Inženierija
49-9031.00;Sadzīves tehnikas remontētājs;Remontē, regulē vai uzstāda visa veida elektriskās vai gāzes sadzīves tehnikas, piemēram, ledusskapjus, veļas mazgājamās mašīnas, žāvētājus un cepeškrāsnis.;Inženierija
49-9041.00;Rūpniecisko mašīnu mehānika;Rūpnieciskās ražošanas un apstrādes iekārtu vai rafinēšanas un cauruļvadu sadales sistēmu remonts, uzstādīšana, regulēšana vai apkope. Var arī uzstādīt, demontēt vai pārvieto tehniku ​​un smago aprīkojumu saskaņā ar plāniem.;Inženierija
49-9043.00;Tehniskās apkopes darbinieki, tehnika;Ieeļļo mašīnas, maina detaļas vai veic citu regulāru iekārtu apkopi.;Inženierija
49-9044.00;Iekārtu montieri;Uzstāda, demontē vai pārvieto mašīnas un smago aprīkojumu saskaņā ar izkārtojuma plāniem, rasējumiem vai citiem rasējumiem.;Inženierija
49-9045.00;Ugunsizturīgu materiālu remontētāji, izņemot mūrniekus;Būvē vai remontē iekārtas, piemēram, krāsnis, krāsnis, kupolus, katlus, pārveidotājus, kausi, mērcēšanas bedres un krāsnis, izmantojot ugunsizturīgus materiālus.;Inženierija
49-9051.00;Elektrības līniju uzstādītājs un remontētājs;Uzstāda vai salabo kabeļus vai vadus, ko izmanto elektroenerģijas vai sadales sistēmās. Var uzcelt stabus un vieglus vai lieljaudas pārraides torņus.;Inženierija
49-9052.00;Telekomunikāciju līniju uzstādītājs un remontētājs;Uzstāda un remontē telekomunikāciju kabeļus, ieskaitot optisko šķiedru.;Inženierija
49-9061.00;Fotoaparātu un fototehnikas remontētājs;Remontē un pielāgo kameras un fotografēšanas aprīkojumu, tostarp komerciālo video un kinokameru aprīkojumu.;Inženierija
49-9062.00;Medicīnas iekārtu remontētājs;Testē, pielāgo vai labo biomedicīnas vai elektromedicīnas aprīkojumu.;Inženierija
49-9063.00;Mūzikas instrumentu labotājs un skaņotājs;Sitaminstrumentu, stīgu, niedru vai pūšamo instrumentu remonts. Var specializēties vienā jomā, piemēram, klavieru skaņošanā.;Inženierija
49-9064.00;Pulksteņu remontētājs;Remontē, tīra un regulē laika mērīšanas instrumentu, piemēram, pulksteņu un pulksteņu mehānismus. Ietver pulksteņu izgatavotājus, pulksteņu tehniķus un mehānisko pulksteņu remontētājus.;Inženierija
49-9069.00;Precīzijas instrumentu un iekārtu remonts, viss pārējais;Visi precīzijas instrumentu un iekārtu remontētāji nav atsevišķi uzskaitīti.;Inženierija
49-9071.00;Tehniskās apkopes un remonta darbinieki, vispārējie;"Veic darbu, kas ietver divu vai vairāku apkopes vai amatniecības profesiju iemaņas, lai uzturētu mašīnas, mehāniskās iekārtas vai ēkas konstrukciju remontā. Pienākumi var ietvert cauruļu montāžu; HVAC apkope; izolējošs; metināšana; mehāniskā apstrāde; galdniecības darbi; elektrisko vai mehānisko iekārtu remonts; jaunu iekārtu uzstādīšana, izlīdzināšana un balansēšana; un ēku, grīdu vai kāpņu remonts.";Inženierija
49-9081.00;Vēja turbīnu servisa tehniķi;Pārbauda, diagnosticē, noregulē vai remontē vēja turbīnas. Veic vēja turbīnu iekārtu apkopi, tostarp elektrisko, mehānisko un hidraulisko darbības traucējumu novēršanu.;Inženierija
49-9091.00;Monētu, tirdzniecības un atrakciju automātu apkalpotājs un remontētājs;Uzstāda, apkalpo, pielāgo vai labo monētu, tirdzniecības vai izklaides automātus, tostarp videospēles, mūzikas automātus, pinbola automātus vai spēļu automātus.;Inženierija
49-9092.00;Komerciālais ūdenslīdējs;Strādā zem ūdens virsmas, izmantojot no virsmas padeves gaisu vai akvalangu aprīkojumu, lai pārbaudītu, labotu, noņemtu vai uzstādītu aprīkojumu un konstrukcijas. Var izmantot dažādus elektroinstrumentus un rokas instrumentus, piemēram, urbjus, veseri, lāpas un metināšanas iekārtas. Var veikt testus vai eksperimentus, aprīkot ar sprāgstvielām vai fotografēt struktūras vai jūras dzīvi.;Inženierija
49-9094.00;Atslēdznieks un seifu remontētājs;Remontē un atvērt slēdzenes, izgatavot atslēgas, mainīt slēdzenes un seifu kombinācijas, uzstāda un remontē seifus.;Inženierija
49-9095.00;Rūpniecisko ēku un mobilo māju uzstādītājs;Pārvieto vai uzstāda pārvietojamās mājas vai saliekamās ēkas.;Inženierija
49-9096.00;Stropmaņi;Iestata vai remontē takelāžu būvniecības projektiem, ražotnēm, mežizstrādes būvētavām, kuģiem un kuģu būvētavām vai izklaides industrijai.;Inženierija
49-9097.00;Signālu un sliežu slēdžu remontētājs;Uzstāda, pārbauda, pārbauda, uztur vai remontē elektriskos vārtu pārbrauktuves, signālus, signālu iekārtas, sliežu ceļu pārmijas, sekciju līnijas vai starpkomunikāciju sistēmas dzelzceļa sistēmā.;Inženierija
49-9098.00;Palīgi — uzstādīšanas, apkopes un remonta darbinieki;"Palīdz uzstādīšanas, apkopes un remonta darbiniekiem transportlīdzekļu, rūpniecisko iekārtu un elektrisko un elektronisko iekārtu apkopē, detaļu nomaiņā un remontā. Veic tādus pienākumus kā instrumentu, materiālu un piegādes nodrošināšana citiem darbiniekiem; darba zonas, mašīnu un instrumentu tīrīšana; un materiālu vai instrumentu turēšana citiem darbiniekiem.";Inženierija
49-9099.00;Uzstādīšanas, apkopes un remonta darbinieki, viss pārējais;Visi uzstādīšanas, apkopes un remonta darbinieki, kas nav uzskaitīti atsevišķi.;Inženierija
49-9099.01;Ģeotermijas tehniķi;Veic tehniskās darbības elektrostacijās vai atsevišķās iekārtās, kas nepieciešamas elektroenerģijas ražošanai no ģeotermālās enerģijas avotiem. Pārraudzī un kontrolē darbības ģeotermālās elektroenerģijas ražošanas iekārtās un veic apkopi un remontu, ja nepieciešams. Uzstāda, testē un apkopo dzīvojamo un komerciālo ģeotermālo siltumsūkņu.;Inženierija
51-1011.00;Ražošanas un ekspluatācijas darbinieku pirmās līnijas uzraugi;Tieši uzrauga un koordinē ražošanas un ekspluatācijas darbinieku, piemēram, inspektoru, precīzijas strādnieku, mašīnu uzstādītāju un operatoru, montētāju, izgatavotāju un iekārtu un sistēmu operatoru, darbības. Neietver komandas vai darba vadītājus.;Ražošana
51-2011.00;Gaisa kuģu konstrukciju, virsmu, takelāžu un sistēmu montieris;Samontē, uzstāda, piestiprina un uzstāda lidmašīnu, kosmosa transportlīdzekļu vai raķešu daļas, piemēram, astes, spārnus, fizelāžu, starpsienas, stabilizatorus, šasiju, takelāžas un vadības iekārtas vai apkures un ventilācijas sistēmas.;Ražošana
51-2021.00;Spoļu tinēji, lentētāji un apdarinātāji;Vēja vadu spoles, ko izmanto elektriskajos komponentos, piemēram, rezistoros un transformatoros, un elektroiekārtās un instrumentos, piemēram, lauka serdeņos, spoles, armatūras serdeņos, elektromotoros, ģeneratoros un vadības iekārtās.;Ražošana
51-2022.00;Elektrisko un elektronisko iekārtu montieris;Samontē vai pārveido elektriskās vai elektroniskās iekārtas, piemēram, datorus, testa iekārtu telemetrijas sistēmas, elektromotorus un akumulatorus.;Ražošana
51-2023.00;Elektromehānisko iekārtu montieris;Samontē vai pārveido elektromehāniskās iekārtas vai ierīces, piemēram, servomehānismus, žiroskopus, dinamometrus, magnētiskos cilindrus, lentes piedziņas, bremzes, vadības savienojumus, izpildmehānismus un ierīces.;Ražošana
51-2031.00;Dzinēju un citu mašīnu montētājs;Konstruē, montēt vai pārbūvēt mašīnas, piemēram, dzinējus, turbīnas un līdzīgas iekārtas, ko izmanto tādās nozarēs kā celtniecība, ieguve, tekstilizstrādājumi un papīra ražošana.;Ražošana
51-2041.00;Konstrukciju metāla izgatavotājs un montieris;Izgatavo, novieto, izlīdzina un piestiprina konstrukciju metāla izstrādājumu daļas.;Ražošana
51-2051.00;Stikla šķiedras laminators un izgatavotājs;Laminē stikla šķiedras slāņus uz veidnēm, lai izveidotu laivu klājus un korpusus, golfa ratiņu korpusus, automašīnas vai citus izstrādājumus.;Ražošana
51-2061.00;Laika noteikšanas ierīču montētājs un regulētājs;Veic precīzu laika noteikšanas ierīču, piemēram, digitālo pulksteņu vai laika noteikšanas ierīču ar elektriskiem vai elektroniskiem komponentiem, montāžu vai regulēšanu, ievērojot šauru pielaidi.;Ražošana
51-2092.00;Komandas komplektētājs;Strādā kā daļai no komandas, kas ir atbildīga par visa produkta vai produkta sastāvdaļas montāžu. Komandas komplektētāji var veikt visus uzdevumus, ko komanda veic montāžas procesā, un rotēt visus vai lielāko daļu no tiem, nevis pastāvīgi uzticēt viņiem kādu konkrētu uzdevumu. Var piedalīties vadības lēmumu pieņemšanā, kas ietekmē darbu. Ietver komandas vadītājus, kas strādā kā daļa no komandas.;Ražošana
51-2099.00;Montētāji un izgatavotāji, viss pārējais;Visi montieri un izgatavotāji nav uzskaitīti atsevišķi.;Ražošana
51-3011.00;Maiznieks;Sajauc un cep sastāvdaļas, lai pagatavotu maizes, maizītes, cepumus, kūkas, pīrāgus, konditorejas izstrādājumus vai citus konditorejas izstrādājumus.;Ražošana
51-3021.00;Miesnieks un gaļas griezējs;Sagriež, sagriež vai sagatavo patērētāja izmēra gaļas porcijas lietošanai vai pārdošanai mazumtirdzniecības uzņēmumos.;Ražošana
51-3022.00;Gaļas, mājputnu un zivju griezējs un trimmeris;Izmanto rokas vai rokas instrumentus, lai veiktu ikdienas gaļas, mājputnu un jūras velšu griešanu un apgriešanu.;Ražošana
51-3023.00;Kautuves un gaļas fasētājs;Veic neparastas vai precīzas darbības, kas saistītas ar lielu gaļas porciju sagatavošanu. Darbs var ietvert specializētus kaušanas darbus, standarta vai augstākās kvalitātes gaļas izcirtņu sagriešanu tirdzniecībai, desu gatavošanu vai gaļas iesaiņošanu. Darbs parasti notiek kaušanas, gaļas iepakošanas vai vairumtirdzniecības uzņēmumos.;Ražošana
51-3091.00;Pārtikas un tabakas grauzdēšanas, cepšanas un žāvēšanas iekārtu operatori un apkalpotāji;Darbina vai kopj pārtikas vai tabakas grauzdēšanas, cepšanas vai žāvēšanas iekārtas, tostarp pavardu krāsnis, cepeškrāsns žāvētājus, grauzdēšanas iekārtas, ogles krāsnis un vakuuma žāvēšanas iekārtas.;Ražošana
51-3092.00;Pārtikas partiju ražotājs;Uzstāda un darbina iekārtas, kas sajauc vai sajauc pārtikas produktu ražošanā izmantotās sastāvdaļas. Ietver konfekšu un siera gatavotājus.;Ražošana
51-3093.00;Pārtikas gatavošanas mašīnu operatori un apkalpotāji;Pārtikas produktu pagatavošanai darbina vai apkopo gatavošanas iekārtas, piemēram, tvaika gatavošanas tvertnes, cepšanas katlus, spiediena katlus, tējkannas un katlus.;Ražošana
51-3099.00;Pārtikas pārstrādes darbinieki, visi pārējie;Visi pārtikas pārstrādes darbinieki, kas nav uzskaitīti atsevišķi.;Ražošana
51-4021.00;Ekstrūzijas un zīmēšanas mašīnu uzstādītāji, operatori un apkalpotāji, metāls un plastmasa;Iestata, darbina vai apkalpo iekārtas, lai izspiestu vai ievilktu termoplastiskus vai metāla materiālus caurulēs, stieņos, šļūtenēs, stieplēs, stieņos vai konstrukcijās.;Ražošana
51-4022.00;Kalšanas mašīnu uzstādītāji, operatori un apkalpotāji, metāls un plastmasa;Uzstāda, darbina vai rūpējas par kalšanas mašīnām, lai tās sašaurinātu, veidotu vai veidotu metāla vai plastmasas daļas.;Ražošana
51-4023.00;Velmēšanas iekārtu uzstādītāji, operatori un apkalpotāji, metāls un plastmasa;Iestata, darbina vai apkopo mašīnas, lai velmētu tērauda vai plastmasas formēšanas līkumus, lodītes, rievas, ruļļus vai plātnes, vai saplacinātu, atlaidinātu vai samazinātu materiāla izmēru.;Ražošana
51-4031.00;Griešanas, štancēšanas un presēšanas iekārtu uzstādītāji, operatori un apkalpotāji, metāls un plastmasa;Uzstāda, darbina vai apkopo mašīnas, lai zāģētu, grieztu, cirptu, sagrieztu, caurumotu, gofrētu, ierobinātu, saliektu vai iztaisnotu metāla vai plastmasas materiālus.;Ražošana
51-4032.00;Urbšanas un urbšanas darbgaldu uzstādītāji, operatori un apkalpotāji, metāls un plastmasa;Uzstāda, darbina vai apkalpo urbjmašīnas, lai urbtu, urbtu, rīvētu, frēzētu vai iegremdētu metāla vai plastmasas sagataves.;Ražošana
51-4033.00;Slīpēšanas, pārklāšanas, pulēšanas un pulēšanas darbgaldu uzstādītāji, operatori un apkalpotāji, metāls un plastmasa;Iestata, darbina vai kopj slīpēšanas un saistītos instrumentus, kas noņem virsmām lieko materiālu vai urbumus, noasina malas vai stūrus vai pulē, slīpē vai pulē metāla vai plastmasas apstrādājamās detaļas.;Ražošana
51-4034.00;Virpu un virpošanas darbgaldu uzstādītāji, operatori un apkalpotāji, metāls un plastmasa;Iestata, darbina vai apkopo virpas un virpošanas mašīnas, lai tās varētu virpot, urbt, vīt, formēt vai saskarties ar metāla vai plastmasas materiāliem, piemēram, stieplēm, stieņiem vai stieņiem.;Ražošana
51-4035.00;Frēzēšanas un ēvelēšanas mašīnu uzstādītāji, operatori un apkalpotāji, metāls un plastmasa;Uzstāda, darbina vai apkopo frēzēšanas vai ēvelēšanas mašīnas, lai frēzētu, ēvelētu, veidotu, gropētu vai profilētu metāla vai plastmasas apstrādājamās detaļas.;Ražošana
51-4041.00;Mašīnisti;Iestata un darbina dažādus darbgaldus, lai izgatavotu precīzas detaļas un instrumentus no metāla. Ietver precīzijas instrumentu ražotājus, kas ražo, pārveido vai remontē mehāniskos instrumentus. Var arī izgatavot un pārveidot detaļas, lai izgatavotu vai remontētu darbgaldus vai uzturētu rūpnieciskās iekārtas, izmantojot zināšanas par mehāniku, matemātiku, metāla īpašībām, izkārtojumu un apstrādes procedūrām.;Ražošana
51-4051.00;Metāla rafinēšanas krāšņu operatori un apkalpotāji;Darbina vai apkalpo krāsnis, piemēram, gāzes, naftas, ogļu, elektriskā loka vai elektriskās indukcijas, martena vai skābekļa krāsnis, lai izkausētu un attīrītu metālu pirms liešanas vai ražotu noteikta veida tēraudu.;Ražošana
51-4052.00;Lējēji un liešanas strādnieki, metāls;Darbina ar roku vadāmus mehānismus, lai ielietu un regulētu izkausēta metāla plūsmu veidnēs, lai ražotu lējumus vai lietņus.;Ražošana
51-4061.00;Modeļu izgatavotāji, metāls un plastmasa;Iestata un darbina mašīnas, piemēram, virpas, frēzēšanas un gravēšanas iekārtas, kā arī urbjus, lai izgatavotu metāla vai plastmasas priekšmetu darba modeļus. Ietver veidņu veidotājus.;Ražošana
51-4062.00;Rakstu veidotāji, metāls un plastmasa;Izklāj, apstrādā, piestiprina un saliek lējumus un detaļas pēc metāla vai plastmasas liešanas paraugiem, serdeņu kastēm vai saskaņošanas plāksnēm.;Ražošana
51-4071.00;Liešanas veidņu un serdeņu veidotājs;Izgatavo vai veido vaska vai smilšu serdes vai veidnes, ko izmanto metāllējumu ražošanā lietuvēs.;Ražošana
51-4072.00;Formēšanas, serdeņu izgatavošanas un liešanas mašīnu uzstādītāji, operatori un apkalpotāji, metāls un plastmasa;Uzstāda, darbina vai apkopo metāla vai plastmasas liešanas, liešanas vai serdeņu veidošanas iekārtas, lai veidotu vai atlietu metāla vai termoplastiskas daļas vai izstrādājumus.;Ražošana
51-4081.00;Vairāki darbgaldu uzstādītāji, operatori un apkalpotāji, metāls un plastmasa;Uzstāda, darbina vai apkopo vairāk nekā viena veida griešanas vai formēšanas darbgaldus vai robotus.;Ražošana
51-4111.00;Instrumentu un štanču izgatavotāji;Analizē specifikācijas, izkārto metāla materiālus, iestata un darbina darbgaldus, kā arī uzstāda un montē detaļas, lai izgatavotu un labotu presformas, griezējinstrumentus, džigas, armatūras, mērinstrumentus un mašīnistu rokas instrumentus.;Ražošana
51-4121.00;Metinātājs, griezējs, lodētājs un lodētājs;Izmanto roku metināšanas, liesmas griešanas, rokas lodēšanas vai cietlodēšanas iekārtas, lai metinātu vai savienotu metāla detaļas vai aizpildītu gatavo metāla izstrādājumu caurumus, ievilkumus vai šuves.;Ražošana
51-4122.00;Metināšanas, lodēšanas un cietlodēšanas iekārtu uzstādītāji, operatori un apkalpotāji;Uzstāda, darbina vai apkalpo metināšanas, lodēšanas vai cietlodēšanas iekārtas vai robotus, kas metina, lodē, lodē vai termiski apstrādā metāla izstrādājumus, sastāvdaļas vai mezglus. Ietver strādniekus, kuri izmanto lāzergriezējus vai lāzerstaru iekārtas.;Ražošana
51-4191.00;Termiskās apstrādes iekārtu uzstādītāji, operatori un apkalpotāji, metāls un plastmasa;Uzstāda, darbina vai apkopo sildīšanas iekārtas, piemēram, termiskās apstrādes krāsnis, liesmas cietināšanas mašīnas, indukcijas mašīnas, mērcēšanas bedres vai vakuuma iekārtas metāla vai plastmasas priekšmetu rūdīšanai, sacietēšanai, atkausēšanai vai termiskai apstrādei.;Ražošana
51-4192.00;Maketēšanas darbinieki, metāls un plastmasa;Izkārto atskaites punktus un izmērus uz metāla vai plastmasas materiāliem vai sagatavēm, piemēram, loksnēm, plāksnēm, caurulēm, konstrukcijas formām, lējumiem vai mašīnu daļām turpmākai apstrādei. Ietver kuģu montierus.;Ražošana
51-4193.00;Apšuvuma mašīnu uzstādītāji, operatori un apkalpotāji, metāls un plastmasa;Uzstāda, darbina vai apstrādā apšuvuma iekārtas, lai pārklātu metāla vai plastmasas izstrādājumus ar hromu, cinku, varu, kadmiju, niķeli vai citu metālu, lai aizsargātu vai dekorētu virsmas. Parasti pārklājamo produktu iegremdē izkausētā metālā vai elektrolītiskā šķīdumā.;Ražošana
51-4194.00;Instrumentu slīpētāji, vīlētāji un asinātāji;Veic metāla priekšmetu precīzu gludināšanu, asināšanu, pulēšanu vai slīpēšanu.;Ražošana
51-4199.00;Metāla strādnieki un plastmasas strādnieki, viss pārējais;Visi metālapstrādes un plastmasas strādnieki nav uzskaitīti atsevišķi.;Ražošana
51-5111.00;Pirmsdrukas tehniķis un strādnieks;Formatē un pārbauda dizaineru un klientu iesniegto tekstu un attēlus gatavās lapās, kuras var izdrukāt. Ietver digitālo un fotoattēlu salikumu. Var ražot iespiedplates.;Ražošana
51-5112.00;Iespiedmašīnu operatori;Iestata un darbina digitālās, augstspiedes, litogrāfijas, fleksogrāfijas, dobspiedes vai citas iespiedmašīnas. Ietver īstermiņa ofseta iespiedmašīnas.;Ražošana
51-5113.00;Drukas iesiešanas un apdares strādnieks;Iesien grāmatas un citas publikācijas vai pabeidz iespieddarbus ar rokām vai mašīnu. Var uzstādīt iesiešanas un apdares mašīnas.;Ražošana
51-6011.00;Veļas mazgātavas un ķīmiskās tīrīšanas darbinieks;Darbina vai kopj veļas vai ķīmiskās tīrīšanas mašīnas, lai mazgātu vai ķīmiski tīrītu rūpnieciskos vai mājsaimniecības priekšmetus, piemēram, auduma apģērbus, zamšādu, ādu, kažokādas, segas, drapērijas, veļu, paklājus un paklājus. Ietver šo izstrādājumu noteicējus un krāsotājus.;Ražošana
51-6021.00;Presētāji, tekstilizstrādājumi, apģērbi un saistītie materiāli;Presē vai veido izstrādājumus ar rokām vai mašīnu.;Ražošana
51-6031.00;Šujmašīnu operatori;Darbina vai apkalpo šujmašīnas, lai savienotu, pastiprinātu, izrotātu vai veiktu saistītas šūšanas darbības apģērbu vai neapģērbu izstrādājumu ražošanā.;Ražošana
51-6041.00;Apavu un ādas strādnieks un remontētājs;Veido, dekorē vai labo ādas un ādai līdzīgus izstrādājumus, piemēram, bagāžu, apavus un sēdekļus. Var izmantot rokas instrumentus.;Ražošana
51-6042.00;Apavu mašīnu operatori un apkalpotāji;Darbina vai apkalpo dažādas mašīnas, lai savienotu, dekorētu, pastiprinātu vai pabeigtu apavus un apavu daļas.;Ražošana
51-6051.00;Rokas šuvēji;Šuj, savieno, pastiprina vai apdari, parasti ar adatu un diegu, dažādus ražotus priekšmetus. Ietver audējus un šuvējus.;Ražošana
51-6052.00;Drēbnieki, kleitu šuvējas un individuālā pasūtījuma šuvēji;Izstrādā, izgatavo, pārveido, labo vai pielāgo apģērbu.;Ražošana
51-6061.00;Tekstilizstrādājumu balināšanas un krāsošanas iekārtu operatori un apkalpotāji;Darbina vai kopj iekārtas, lai balinātu, saruktu, mazgātu, krāsotu vai pabeigtu tekstilizstrādājumus vai sintētiskās vai stikla šķiedras.;Ražošana
51-6062.00;Tekstilizstrādājumu griešanas mašīnu uzstādītāji, operatori un apkalpotāji;Iestata, darbina vai apkopo mašīnas, kas griež tekstilizstrādājumus.;Ražošana
51-6063.00;Tekstilizstrādājumu adīšanas un aušanas mašīnu uzstādītāji, operatori un apkalpotāji;Uzstāda, darbina vai kopj mašīnas, kas ada, cilpas, auž vai zīmē tekstilizstrādājumus.;Ražošana
51-6064.00;Tekstilizstrādājumu uztīšanas, vīšanas un izvilkšanas mašīnu uzstādītāji, operatori un apkalpotāji;"Uzstāda, darbina vai apkopo mašīnas, kas tin vai griež tekstilizstrādājumus; vai izvelk un apvieno šķembas, piemēram, vilnas, kaņepju vai sintētiskās šķiedras. Ietver slubber mašīnas un rasēšanas rāmja operatorus.";Ražošana
51-6091.00;Ekstrudēšanas un formēšanas mašīnu iestatītāji, operatori un apkalpotāji, sintētiskās un stikla šķiedras;Uzstāda, darbina vai apkopo iekārtas, kas izspiež un veido nepārtrauktus pavedienus no sintētiskiem materiāliem, piemēram, šķidra polimēra, viskozes un stiklplasta.;Ražošana
51-6092.00;Audumu un apģērbu modeļu veidotājs;Zīmē un konstruē precīzas meistara auduma modeļu vai izkārtojumu komplektus. Var arī marķēt un griezt audumus un apģērbu.;Ražošana
51-6093.00;Polsterētājs;Izgatavot, labot vai nomaina polsterējumu mājsaimniecības mēbelēm vai transporta līdzekļiem.;Ražošana
51-6099.00;Tekstilizstrādājumu, apģērbu un mēbeļu strādnieki, viss pārējais;Visi tekstilizstrādājumu, apģērbu un mēbeļu ražošanas darbinieki, kas nav minēti atsevišķi.;Ražošana
51-7011.00;Mēbeļu galdnieki un namdari;Izgriež, veido un montē koka izstrādājumus vai uzstāda un darbina dažādas kokapstrādes mašīnas, piemēram, mehāniskos zāģus, šuvējus un zāģmateriālus, lai apstrādātu, grieztu vai veidotu zāģmateriālus vai izgatavotu detaļas koka izstrādājumiem.;Ražošana
51-7021.00;Mēbeļu apdarinātāji;Veido, apdari un no jauna apdari bojātas, nolietotas vai lietotas mēbeles vai jaunas augstas kvalitātes mēbeles līdz noteiktai krāsai vai apdarei.;Ražošana
51-7031.00;Modeļu veidotāji, koks;Izstrādā pilna izmēra un mēroga koka precizitātes modeļus. Ietver koka džigu celtniekus un bēniņu strādniekus.;Ražošana
51-7032.00;Veidņu izgatavotāji, koks;Plāno, izkārto un konstruē koka elementu vai sekciju modeļus, ko izmanto smilšu veidņu veidošanai lēšanai.;Ražošana
51-7041.00;Zāģmašīnu uzstādītāji, operatori un apkalpotāji, koksne;Uzstāda, darbina vai kopj koka zāģmašīnas. Var darbināt datorizētas ciparvadības (CNC) iekārtas. Ietver svina zāģmateriālus.;Ražošana
51-7042.00;Kokapstrādes mašīnu uzstādītāji, operatori un apkalpotāji, izņemot zāģēšanu;Uzstāda, darbina vai kopj kokapstrādes mašīnas, piemēram, urbjmašīnas, virpas, formētājus, frēzes, slīpmašīnas, ēveles un koka naglošanas mašīnas. Var darbināt datorizētas ciparvadības (CNC) iekārtas.;Ražošana
51-7099.00;Kokapstrādnieki, visi pārējie;Visi kokapstrādes darbinieki nav uzskaitīti atsevišķi.;Ražošana
51-8011.00;Kodolreaktoru operatori;Darbina vai kontrolē kodolreaktorus. Pārvieto vadības stieņus, startēt un apturēt iekārtas, uzrauga un regulē vadības ierīces un reģistrē datus žurnālos. Ja nepieciešams, īsteno ārkārtas procedūras. Var reaģēt uz anomālijām, noteikt cēloni un ieteikt korektīvas darbības.;Ražošana
51-8012.00;Strāvas sadalītājs un dispečeris;Koordinē, regulē vai sadala elektrību vai tvaiku.;Ražošana
51-8013.00;Elektrostaciju operatori;Kontrolē, darbina vai uztur iekārtas, lai ražotu elektroenerģiju. Ietver palīgiekārtu operatorus.;Ražošana
51-8013.03;Biomasas rūpnīcu tehniķi;Kontrolē un uzrauga biomasas stacijas darbības un veic apkopi pēc vajadzības.;Ražošana
51-8013.04;Hidroelektrostaciju tehniķi;Uzrauga un kontrolē darbības, kas saistītas ar hidroenerģijas ražošanu. Darbina iekārtas aprīkojumu, piemēram, turbīnas, sūkņus, vārstus, vārtus, ventilatorus, elektriskās vadības paneļus un akumulatoru bankas. Pārraudzī aprīkojuma darbību un veiktspēju un veic nepieciešamos pielāgojumus, lai nodrošinātu optimālu veiktspēju. Ja nepieciešams, veic aprīkojuma apkopi un remontu.;Ražošana
51-8021.00;Stacionārie inženieri un katlu operatori;Darbina vai apkopo stacionārus dzinējus, katlus vai citas mehāniskās iekārtas, lai nodrošinātu komunālo pakalpojumu ēkām vai rūpnieciskiem procesiem. Darbina iekārtas, piemēram, tvaika dzinējus, ģeneratorus, motorus, turbīnas un tvaika katlus.;Ražošana
51-8031.00;Ūdens un notekūdeņu attīrīšanas iekārtu un sistēmu operatori;Vada vai kontrolē visu procesu vai iekārtu sistēmu, bieži izmantojot vadības paneļus, lai pārvietotu vai attīrītu ūdeni vai notekūdeņus.;Ražošana
51-8091.00;Ķīmiskās rūpnīcas un sistēmu operatori;Kontrolē vai darbina visus ķīmiskos procesus vai mašīnu sistēmu.;Ražošana
51-8092.00;Gāzes iekārtu operatori;Izplata vai apstrādā gāzi komunālajiem uzņēmumiem un citiem, kontrolējot kompresorus, lai uzturētu noteiktu spiedienu maģistrālajos cauruļvados.;Ražošana
51-8093.00;Naftas sūkņu sistēmu operatori, naftas pārstrādes rūpnīcu operatori un mērierīces;Pārvalda vai kontrolē naftas rafinēšanas vai pārstrādes iekārtas. Var specializēties kolektoru un sūknēšanas sistēmu kontrolē, eļļas mērīšanā vai testēšanā uzglabāšanas tvertnēs vai eļļas plūsmas regulēšanā cauruļvados.;Ražošana
51-8099.00;Iekārtu un sistēmu operatori, visi pārējie;Visi iekārtu un sistēmu operatori nav uzskaitīti atsevišķi.;Ražošana
51-8099.01;Biodegvielas apstrādes tehniķi;Aprēķina, mēra, ievieto, samaisa un apstrādā rafinētu izejvielu ar piedevām fermentācijas vai reakcijas procesa traukos un uzrauga ražošanas procesu. Veic un reģistrē iekārtas apkopi, remontu un drošības pārbaudes.;Ražošana
51-9011.00;Ķīmisko iekārtu operatori un apkalpotāji;Darbina vai kopj iekārtas, lai kontrolētu ķīmiskās izmaiņas vai reakcijas rūpniecisko vai patēriņa preču apstrādē. Izmantotais aprīkojums ietver devulkanizatorus, tējkannas ar tvaika apvalku un reaktora tvertnes.;Ražošana
51-9012.00;Atdalīšanas, filtrēšanas, dzidrināšanas, izgulsnēšanas un nekustināšanas iekārtu iestatītāji, operatori un apkalpotāji;"Uzstāda, darbina vai apkalpo nepārtrauktas plūsmas vai tvertnes tipa iekārtas; filtru preses; kratītāju ekrāni; centrifūgas; kondensatora caurules; izgulsnēšanas, raudzēšanas vai iztvaicēšanas tvertnes; tīrīšanas torņi; vai partiju destilācijas. Šīs iekārtas ekstrahē, šķiro vai atdala šķidrumus, gāzes vai cietās vielas no citiem materiāliem, lai atgūtu rafinētu produktu. Ietver piena pārstrādes iekārtu operatorus.";Ražošana
51-9021.00;Smalcināšanas, slīpēšanas un pulēšanas mašīnu uzstādītāji, operatori un apkalpotāji;Iestata, darbina vai apkalpo mašīnas, lai sasmalcinātu, slīpētu vai pulētu materiālus, piemēram, ogles, stiklu, graudus, akmeni, pārtiku vai gumiju.;Ražošana
51-9022.00;Slīpēšanas un pulēšanas strādnieki, rokas;Izmantojot rokas instrumentus vai rokas elektroinstrumentus, slīpē, slīpē vai pulē dažādus metāla, koka, akmens, māla, plastmasas vai stikla priekšmetus. Ietver šķeldotājus, buferus un apdari.;Ražošana
51-9023.00;Sajaukšanas un blendēšanas mašīnu iestatītāji, operatori un apkalpotāji;Iestata, darbina vai apkalpo iekārtas, lai sajauktu vai sajauktu materiālus, piemēram, ķīmiskas vielas, tabaku, šķidrumus, krāsu pigmentus vai sprādzienbīstamas sastāvdaļas.;Ražošana
51-9031.00;Rokas griezējs un trimmeris;Izmanto rokas instrumentus vai rokas elektroinstrumentus, lai grieztu un apgrieztu dažādus ražotus priekšmetus, piemēram, paklāju, audumu, akmeni, stiklu vai gumiju.;Ražošana
51-9032.00;Griešanas un griešanas mašīnu uzstādītāji, operatori un apkalpotāji;Uzstāda, darbina vai kopj mašīnas, kas griež vai sagriež materiālus, piemēram, stiklu, akmeni, korķi, gumiju, tabaku, pārtiku, papīru vai izolācijas materiālu.;Ražošana
51-9041.00;Ekstrudēšanas, formēšanas, presēšanas un blīvēšanas iekārtu uzstādītāji, operatori un apkalpotāji;Uzstāda, darbina vai kopj mašīnas, piemēram, stikla formēšanas mašīnas, urbšanas mašīnas un bumbuļu apstrādes iekārtas, lai veidotu un veidotu tādus izstrādājumus kā stikla izstrādājumi, pārtika, gumija, ziepes, ķieģeļi, flīzes, māls, vasks, tabaka vai kosmētika.;Ražošana
51-9051.00;Krāšņu, cepļu, cepeškrāsns, žāvētāju un tējkannu operatori un apkalpotāji;Darbina vai apkopo apkures iekārtas, kas nav pamata metāla, plastmasas vai pārtikas apstrādes iekārtas. Ietver tādas darbības kā stikla atkausēšana, zāģmateriālu žāvēšana, gumijas konservēšana, mitruma noņemšana no materiāliem vai ziepju vārīšana.;Ražošana
51-9061.00;Inspektors, testētājs, šķirotājs, paraugu ņēmējs un svērējs;Pārbauda, pārbauda, šķiro, paraugus vai nosver nelauksaimnieciskas izejvielas vai apstrādātas, mehāniski apstrādātas, izgatavotas vai saliktas daļas vai izstrādājumus, lai noteiktu defektus, nodilumu un novirzes no specifikācijām. Var izmantot precīzijas mērinstrumentus un sarežģītas pārbaudes iekārtas.;Ražošana
51-9071.00;Juvelieris un dārgakmeņu un metālu strādnieks;Izstrādā, izgatavo, pielāgo, labo vai novērtē rotaslietas, zeltu, sudrabu, citus dārgmetālus vai dārgakmeņus.;Ražošana
51-9071.06;Dārgakmeņu un dimantu strādnieks;Izgatavo, apdari vai novērtē dārgakmeņu un dimantu kvalitāti, ko izmanto juvelierizstrādājumos vai rūpnieciskajos instrumentos.;Ražošana
51-9081.00;Zobu laboratorijas tehniķi;Pilnu vai daļēju protēžu vai zobārstniecības ierīču izgatavošana un remonts.;Ražošana
51-9082.00;Medicīnas iekārtu tehniķi;Konstruē, uztur vai labot medicīniskās atbalsta ierīces, piemēram, breketes, ortozes un protezēšanas ierīces, locītavas, arkas balstus un citas ķirurģiskas un medicīniskās ierīces.;Ražošana
51-9083.00;Oftalmoloģiskie laboratorijas tehniķi;Griež, slīpē un pulē brilles, kontaktlēcas vai citus precīzus optiskos elementus. Saliek un ievieto objektīvus rāmjos vai apstrādā citus optiskos elementus. Ietver precīzijas lēcu pulēšanas vai slīpmašīnas, centrēšanas-malas un objektīvu stiprinājumus.;Ražošana
51-9111.00;Iepakošanas un iepildīšanas iekārtu operatori un apkalpotāji;Darbina vai apkalpo iekārtas, lai sagatavotu rūpnieciskos vai patēriņa produktus uzglabāšanai vai nosūtīšanai. Ietver konservu rūpnīcas darbiniekus, kas iepako pārtikas produktus.;Ražošana
51-9123.00;Krāsošanas, pārklāšanas un dekorēšanas darbinieks;Krāso, pārklāj vai dekorē priekšmetus, piemēram, mēbeles, stiklu, traukus, keramikas izstrādājumus, rotaslietas, rotaļlietas, grāmatas vai ādu.;Ražošana
51-9124.00;Pārklāšanas, krāsošanas un smidzināšanas mašīnu uzstādītāji, operatori un apkalpotāji;Uzstāda, darbina vai apkalpo izsmidzināšanas vai velmēšanas iekārtas, lai pārklātu vai krāsotu jebkuru no dažādiem izstrādājumiem, tostarp stikla traukus, audumu, keramiku, metālu, plastmasu, papīru vai koku, ar laku, sudrabu, varu, gumiju, laku, glazūru, emalju, eļļu vai rūsas necaurlaidīgiem materiāliem. Ietver transportlīdzekļu krāsotājus, piemēram, krāsotājus automašīnu virsbūves remonta iekārtās.;Ražošana
51-9141.00;Pusvadītāju apstrādes tehniķi;"Elektronisko pusvadītāju ražošanā veic jebkuru vai visas no šīm funkcijām: ievietot pusvadītāju materiālu krāsnī; sazāģēja izveidotos lietņus segmentos; ievietot atsevišķu segmentu kristāla audzēšanas kamerā un monitora vadīklas; nosaka kristāla asi lietņos, izmantojot rentgena iekārtu, un iezāģēt lietņus plāksnēs; un notīra, pulē un ievieto vafeles īpašām krāsnīm, ķīmiskajām vannām un iekārtām, ko izmanto, lai izveidotu shēmas un mainītu vadītspējas īpašības.";Ražošana
51-9151.00;Fotogrāfijas procesu darbinieki un apstrādes iekārtu operatori;Veic darbu, kas saistīts ar fotoattēlu izstrādi un apstrādi no filmas vai digitālajiem medijiem. Var veikt precīzus uzdevumus, piemēram, fotoattēlu negatīvu un izdruku rediģēšanu.;Ražošana
51-9161.00;Datoru skaitliski kontrolētu rīku operatori;Darbina ar datoru kontrolētus instrumentus, mašīnas vai robotus, lai apstrādātu vai apstrādātu detaļas, instrumentus vai citus no metāla, plastmasas, koka, akmens vai citiem materiāliem izgatavotas detaļas. Var arī uzstādīt un uzturēt aprīkojumu.;Ražošana
51-9162.00;Datoru skaitliski vadāmo rīku programmētājs;Izstrādā programmas, lai kontrolētu materiālu apstrādi vai apstrādi ar automātiskajiem darbgaldiem, iekārtām vai sistēmām. Var arī uzstādīt, darbināt vai uzturēt aprīkojumu.;Ražošana
51-9191.00;Līmēšanas mašīnu operatori un apkalpotāji;"Darbina vai kopj līmēšanas mašīnas, kurās izmanto līmvielas, lai savienotu priekšmetus tālākai apstrādei vai izveidotu gatavu produktu. Procesi ietver finiera lokšņu savienošanu saplāksnī; līmēšanas papīrs; vai savienojot gumijas un gumijota auduma daļas, plastmasas, mākslīgās ādas vai citus materiālus.";Ražošana
51-9192.00;Tīrīšanas, mazgāšanas un metāla kodināšanas iekārtu operatori un apkalpotāji;Darbina vai kopj mašīnas, lai mazgātu vai tīrītu produktus, piemēram, mucas vai mucas, stikla priekšmetus, skārda plāksni, pārtiku, celulozi, ogles, plastmasu vai gumiju, lai noņemtu piemaisījumus.;Ražošana
51-9193.00;Dzesēšanas un saldēšanas iekārtu operatori un apkalpotāji;Darbina vai apkopo tādas iekārtas kā dzesēšanas un saldēšanas iekārtas, ledusskapjus, partiju saldētavas un saldēšanas tuneļus, lai atdzesētu vai sasaldētu produktus, pārtiku, asins plazmu un ķīmiskās vielas.;Ražošana
51-9194.00;Kodinātājs un gravieris;Iegravē vai iegravē metālu, koku, gumiju vai citus materiālus. Ietver tādus darbiniekus kā kodinātāju ķēžu procesori, pantogrāfu gravieri un sietspiedes kodinātāji.;Ražošana
51-9195.00;Formētāji, veidotāji un lējēji, izņemot metālu un plastmasu;Veido, veido, veido, lej vai greb izstrādājumus, piemēram, pārtikas produktus, figūriņas, flīzes, caurules un sveces, kas sastāv no māla, stikla, ģipša, betona, akmens vai materiālu kombinācijām.;Ražošana
51-9195.03;Akmens griezēji un griezēji, ražošana;Izgriež vai izgreb akmeni pēc shēmām un modeļiem.;Ražošana
51-9195.04;Stikla pūtēji, formētāji, locītāji un apdares ierīces;Veido izkausētu stiklu atbilstoši paraugiem.;Ražošana
51-9195.05;Keramiķi, ražošana;Izmanto ražošanas iekārtas, piemēram, mopšu dzirnavas, džigermašīnas vai podnieka ripas, lai apstrādātu mālu keramikas, keramikas un keramikas izstrādājumu ražošanā.;Ražošana
51-9196.00;Papīra preču iekārtu uzstādītāji, operatori un apkalpotāji;Uzstāda, darbina vai apkopo papīra izstrādājumu iekārtas, kas veic dažādas funkcijas, piemēram, pārvērš, zāģē, rievo, aplīmē, iesaiņo, iesaiņo, šuj, veido vai aizzīmogo papīra vai kartona loksnes izstrādājumos.;Ražošana
51-9197.00;Riepu būvētājs;Darbina mašīnas riepu izgatavošanai.;Ražošana
51-9198.00;Palīgs — ražošanas darbinieks;Palīdz ražošanas darbiniekiem, veicot pienākumus, kas prasa mazāk prasmju. Pienākumos ietilpst materiālu vai instrumentu piegāde vai turēšana, kā arī darba zonas un aprīkojuma tīrīšana.;Ražošana
51-9199.00;Ražošanas darbinieki, visi pārējie;Visi ražošanas darbinieki nav uzskaitīti atsevišķi.;Ražošana
53-1041.00;Gaisa kuģu kravas apstrādes uzraugi;Uzrauga un koordinē zemes apkalpes darbības gaisa kuģa kravas vai bagāžas iekraušanā, izkraušanā, nostiprināšanā un novietošanā. Var noteikt kravas daudzumu un orientāciju un aprēķināt gaisa kuģa smaguma centru. Var pavadīt lidaparātu kā lidojuma apkalpes loceklis un pārraudzīt un apstrādāt kravu lidojuma laikā, kā arī palīdz un informēt pasažierus par drošības un avārijas procedūrām. Ietver loadmasters.;Transports
53-1042.00;Pirmās līnijas palīgu, strādnieku un materiālu pārvietotāju vadītājs;Tieši uzrauga un koordinē palīgu, strādnieku vai materiālu pārvietotāju darbības.;Transports
53-1042.01;Pārstrādes koordinatori;Pārraudzī pašvaldību vai privātu firmu pārstrādes programmas pie apmales un novadīšanas.;Transports
53-1043.00;Materiālu pārvietošanas mašīnu un transportlīdzekļu operatoru pirmās līnijas uzraugi;Tieši uzrauga un koordinē materiālu pārvietošanas mašīnu un transportlīdzekļu operatoru un palīgu darbību.;Transports
53-1044.00;Pasažieru pavadoņu pirmās līnijas uzraugi;Uzrauga un koordinē pasažieru pavadoņu darbību.;Transports
53-1049.00;Transporta darbinieku pirmās līnijas uzraugi, visi pārējie;Visi transporta darbinieku pirmās rindas vadītāji, kas nav uzskaitīti atsevišķi.;Transports
53-2011.00;Aviokompānijas pilots, pilots un lidojumu inženieris;Pilot un vada fiksētu spārnu gaisa kuģu lidojumus, parasti regulāros gaisa pārvadātāju maršrutos, lai pārvadātu pasažierus un kravu. Nepieciešams Federālais gaisa transporta sertifikāts un reitings konkrētam izmantotajam gaisa kuģa tipam. Ietver reģionālo, nacionālo un starptautisko aviosabiedrību pilotus un aviosabiedrību pilotu lidojumu instruktorus.;Transports
53-2012.00;Komerciālie piloti;Pilot un vada gaisa kuģus ar fiksētiem spārniem neregulārajos gaisa pārvadātāju maršrutos vai helikopteros. Nepieciešams komercpilota sertifikāts. Ietver čarterpilotus ar līdzīgu sertifikātu, kā arī ātrās palīdzības un gaisa ceļojumu pilotus. Neietver reģionālo, valsts un starptautisko aviosabiedrību pilotus.;Transports
53-2021.00;Gaisa satiksmes kontrolieris;Kontrolē gaisa satiksmi lidostā un tās tuvumā, kā arī gaisa satiksmes kustību starp augstuma sektoriem un vadības centriem saskaņā ar noteiktajām procedūrām un politikām. Atļaut, regulē un kontrolē komerciālo aviosabiedrību lidojumus saskaņā ar valdības vai uzņēmuma noteikumiem, lai paātrinātu un nodrošinātu lidojumu drošību.;Transports
53-2022.00;Lidlauka operāciju speciālisti;Nodrošina drošu komerciālo un militāro lidmašīnu pacelšanos un nolaišanos. Pienākumos ietilpst gaisa satiksmes vadības un tehniskās apkopes personāla koordinācija, dispečerēšana, nosēšanās un navigācijas palīglīdzekļu izmantošana lidlaukā, lidlauka drošības procedūru ieviešana, lidojumu uzskaites uzraudzība un uzturēšana, kā arī laika apstākļu informācijas zināšanu izmantošana.;Transports
53-2031.00;Stjuarti;Uzrauga lidmašīnas kabīnes drošību. Sniedz pakalpojumus aviokompāniju pasažieriem, izskaidro drošības informāciju, pasniedz ēdienu un dzērienus un reaģē uz ārkārtas incidentiem.;Transports
53-3011.00;Ātrās palīdzības šoferi un dežuranti, izņemot neatliekamās medicīniskās palīdzības tehniķus;Brauc ar ātro palīdzību vai palīdz ātrās palīdzības vadītājam pārvadā slimas, ievainotas vai atveseļojas personas. Palīdz pacelt pacientus.;Transports
53-3031.00;Šoferis/pārdevējs;Brauc ar kravas automašīnu vai citu transportlīdzekli pa noteiktiem maršrutiem vai noteiktā teritorijā un pārdod vai piegādā preces, piemēram, pārtikas produktus, tostarp preces līdzņemšanai restorānā, vai paņem vai piegādā preces, piemēram, komerciālo veļu. Var arī pieņemt pasūtījumus, iekasēt maksājumus vai noliktavas preces piegādes vietā.;Transports
53-3032.00;Smago un traktoru-piekabju kravas automašīnu vadītājs;Brauc ar traktora un piekabes kombināciju vai kravas automašīnu, kuras celtspēja ir vismaz 26 001 mārciņa pilna transportlīdzekļa masa (GVW). Var būt nepieciešams izkraut kravas automašīnu. Nepieciešama komercdarbības vadītāja apliecība. Ietver evakuatora vadītājus.;Transports
53-3033.00;Vieglo kravas automašīnu vadītājs;Brauc ar vieglu transportlīdzekli, piemēram, kravas automašīnu vai furgonu, kura ietilpība ir mazāka par 26 001 mārciņu pilnā transportlīdzekļa masa (GVW), galvenokārt, lai paņemtu preces vai pakas no izplatīšanas centra un piegādātu tos. Var iekraut un izkraut transportlīdzekli.;Transports
53-3051.00;Autobusu vadītāji, skola;Brauc ar skolas autobusu, lai pārvadātu skolēnus. Nodrošina drošības noteikumu ievērošanu. Var palīdzēt studentiem iekāpt vai izkāpt.;Transports
53-3052.00;Autobusu vadītāji, tranzīts un starppilsētu;Brauc ar autobusu vai autobusu, tostarp regulāras maršruta operācijas, čarterreisus un privātos pārvadājumus. Var palīdzēt pasažieriem ar bagāžu. Var iekasēt cenas vai biļetes.;Transports
53-3053.00;Autobusu vadītājs un šoferis;Brauc ar mehānisko transportlīdzekli, lai pārvadātu pasažierus plānveidīgi vai grafikā. Var iekasēt braukšanas maksu. Ietver medicīniskos transportētājus un katafalku vadītājus.;Transports
53-3054.00;Taksometra vadītājs;Brauc ar mehānisko transportlīdzekli, lai neplānoti pārvadātu pasažierus, un iekasē braukšanas maksu, parasti pamatojoties uz skaitītāju.;Transports
53-3099.00;Mehānisko transportlīdzekļu operatori, visi pārējie;Visi mehānisko transportlīdzekļu operatori nav uzskaitīti atsevišķi.;Transports
53-4011.00;Lokomotīves inženieris;Brauc ar elektriskajām, dīzeļelektriskajām, tvaika vai gāzes turbīnu lokomotīvēm, lai pārvadātu pasažierus vai kravu. Interpretē vilcienu rīkojumus, elektroniskos vai manuālos signālus, kā arī dzelzceļa noteikumus un noteikumus.;Transports
53-4013.00;Dzelzceļa pagalma inženieris, lokomotīves operators un stiepējs;Piedziņas pārslēgšana vai citi lokomotīvju vai dzīļu dzinēji dzelzceļa pagalmā, rūpnieciskajā rūpnīcā, karjerā, būvprojektā vai līdzīgā vietā.;Transports
53-4022.00;Dzelzceļa bremžu, signālu un pārmiju operators un lokomotīves ugunsdzēsējs;Darbina vai uzrauga dzelzceļa sliežu ceļu pārmijas vai lokomotīvju instrumentus. Var savienot vai atkabināt ritošo sastāvu, lai izveidotu vai sadalītu vilcienus. Skatās un pārraida satiksmes signālus. Var pārbaudīt savienojumus, gaisa šļūtenes, kārbas un rokas bremzes. Var vērot, vai uz priekšas tiesībām nevelkas aprīkojums vai šķēršļi.;Transports
53-4031.00;Dzelzceļa vadītāji un pagalmu meistari;Koordinē slēdžu apkalpes darbības dzelzceļa pagalmā, rūpnīcā vai līdzīgā vietā. Konduktori koordinē vilciena apkalpes darbības pasažieru vai kravas vilcienos. Būvlauku vadītāji pārskata vilcienu grafikus un pārslēgšanās rīkojumus un koordinē dzelzceļa satiksmes operācijās iesaistīto darbinieku darbības, piemēram, vilcienu sastāvu vai sadalīšanu un staciju pārslēgšanu.;Transports
53-4041.00;Metro un tramvaju operatori;Pasažieru pārvadāšanai izmanto metro vai paaugstinātu piepilsētas vilcienu bez atsevišķas lokomotīves vai ar elektrisko piedziņu. Var apstrādāt cenas.;Transports
53-4099.00;Dzelzceļa transporta darbinieki, visi pārējie;Visi dzelzceļa transporta darbinieki nav atsevišķi uzskaitīti.;Transports
53-5011.00;Jūrnieks un jūras eļļotājs;Stāv skatīties, lai meklētu šķēršļus kuģa ceļā, izmērītu ūdens dziļumu, pagrieztu riteni uz tilta vai izmantotu avārijas aprīkojumu, kā norādījis kapteinis, kapteinis vai pilots. Atbrīvojas no, uzstāda, remontē un uzglabā kravas pārvietošanas aprīkojumu, stacionāro takelāžu un ritošo daļu. Veic dažādus apkopes darbus, lai saglabātu kuģa krāsoto virsmu un uzturētu līniju un kuģa aprīkojumu. Strādājot uz šķidrumu pārvadāšanas kuģiem, ir jābūt valdības izsniegtam sertifikātam un tankkuģa sertifikātam. Ietver spējīgus jūrniekus un parastos jūrniekus.;Transports
53-5021.00;Ūdens kuģu kapteiņi, palīgi un piloti;Komandē vai uzrauga kuģu un ūdens kuģu, piemēram, velkoņu un prāmju, darbības. Nepieciešama ASV krasta apsardzes izsniegta licence.;Transports
53-5022.00;Motorlaivu operatori;Darbina mazas motorizētas laivas. Var palīdzēt navigācijas darbībās.;Transports
53-5031.00;Kuģa inženieris;Uzrauga un koordinē apkalpes darbības, kas nodarbojas ar dzinēju, katlu, klāja iekārtu un elektrisko, sanitāro un saldēšanas iekārtu ekspluatāciju un apkopi uz kuģa.;Transports
53-6011.00;Tiltu un slūžu apkalpotāji;Ekspluatē un kopj tiltus, kanālu slūžas un bākas, lai ļautu pārvietoties pa jūru pa iekšējiem ūdensceļiem, pie krastiem un bīstamās vietās ūdensceļu ejās. Var uzraudzīt šādas darbības. Ietver paceļamo tiltu operatorus, slūžu operatorus un slīdošo tiltu operatorus.;Transports
53-6021.00;Autostāvvietas apkalpotājs;Novieto transportlīdzekļus vai izsniedz klientiem biļetes autostāvvietā vai garāžā. Var novietot vai kopj transportlīdzekļus tādās vidēs kā automašīnu tirdzniecības vieta vai automašīnu nomas objekts. Var iekasēt maksu.;Transports
53-6031.00;Automobiļu un ūdens transportlīdzekļu servisa dežuranti;Apkalpo automašīnas, autobusus, kravas automašīnas, laivas un citus automobiļus vai jūras transportlīdzekļus ar degvielu, smērvielām un piederumiem. Iekasē maksājumus par pakalpojumiem un piegādēm. Var ieeļļot transportlīdzekli, nomaina motoreļļu, uzpildīt antifrīzu vai nomaina gaismas vai citus piederumus, piemēram, vējstikla tīrītāju slotiņas vai ventilatora siksnas. Var salabot vai nomaina riepas.;Transports
53-6032.00;Gaisa kuģu dienesta pavadoņi;Servisa lidmašīna ar degvielu. Var atsaldēt lidaparātus, uzpildīt ūdeni un dzesēšanas līdzekļus, iztukšot notekūdeņu tvertnes, apkalpot gaisa un skābekļa sistēmas vai tīrīt un pulēt ārpusi.;Transports
53-6041.00;Satiksmes tehniķi;Satiksmes inženiera vadībā veic lauka pētījumus, lai noteiktu satiksmes apjomu, ātrumu, signālu efektivitāti, apgaismojuma atbilstību un citus faktorus, kas ietekmē satiksmes apstākļus.;Transports
53-6051.00;Transporta inspektori;Pārbauda iekārtas vai preces saistībā ar drošu kravas vai cilvēku pārvadāšanu. Ietver dzelzceļa transporta inspektorus, piemēram, kravu inspektorus, dzelzceļa inspektorus un citus citur neklasificētu transporta līdzekļu inspektorus.;Transports
53-6051.01;Aviācijas inspektori;Pārbauda gaisa kuģi, apkopes procedūras, aeronavigācijas līdzekļus, gaisa satiksmes vadību un sakaru iekārtas, lai nodrošinātu atbilstību federālajiem drošības noteikumiem.;Transports
53-6051.07;Transporta transportlīdzekļu, iekārtu un sistēmu inspektori, izņemot aviāciju;Pārbauda un uzrauga transportēšanas aprīkojumu, transportlīdzekļus vai sistēmas, lai nodrošinātu atbilstību noteikumiem un drošības standartiem.;Transports
53-6061.00;Pasažieru pavadoņi;Sniedz pakalpojumus, lai nodrošinātu pasažieru drošību uz kuģiem, autobusiem, vilcieniem vai stacijā vai terminālī. Veic pienākumus, piemēram, izskaidro drošības aprīkojuma lietošanu, pasniegt maltītes vai dzērienus vai atbild uz jautājumiem, kas saistīti ar ceļošanu.;Transports
53-6099.00;Transporta darbinieki, visi pārējie;Visi transporta darbinieki, kas nav uzskaitīti atsevišķi.;Transports
53-7011.00;Konveijera operatori un apkalpotāji;Kontrolē vai apkalpo konveijerus vai konveijeru sistēmas, kas pārvieto materiālus vai produktus uz un no krājumiem, apstrādes stacijām, nodaļām vai transportlīdzekļiem. Var kontrolēt materiālu vai izstrādājumu ātrumu un maršrutēšanu.;Transports
53-7021.00;Celtņu un torņu operatori;Izmanto mehānisko izlici un kabeļu vai torņu un kabeļu aprīkojumu, lai paceltu un pārvietotu materiālus, mašīnas vai izstrādājumus daudzos virzienos.;Transports
53-7031.00;Bagarētājs;Izmanto bagarēšanu, lai noņemtu smiltis, granti vai citus materiālus, lai izraktu un uzturētu kuģojamus kanālus ūdensceļos.;Transports
53-7041.00;Pacēlāju un vinču operatori;Darbina pacēlājus vai vinčas, lai celtu un vilktu kravas, izmantojot ar elektrisko piedziņu darbināmu trošu aprīkojumu.;Transports
53-7051.00;Rūpniecisko kravas automašīnu un traktortehnikas operatori;Izmanto rūpnieciskos kravas automobiļus vai traktorus, kas aprīkoti materiālu pārvietošanai pa noliktavu, noliktavas pagalmu, rūpnīcu, būvlaukumu vai līdzīgu vietu.;Transports
53-7061.00;Transportlīdzekļu un aprīkojuma tīrītājs;Mazgā vai citādi tīrīt transportlīdzekļus, iekārtas un citu aprīkojumu. Izmanto tādus materiālus kā ūdens, tīrīšanas līdzekļi, birstes, drānas un šļūtenes.;Transports
53-7062.00;Strādnieki un kravu, krājumu un materiālu pārvietotāji, rokas;Manuāli pārvieto kravu, krājumus, bagāžu vai citus materiālus vai veic citus vispārīgus darbus. Ietver visus strādniekus, kas citur nav klasificēti.;Transports
53-7062.04;Pārstrādes un reģenerācijas darbinieks;Sagatavo un šķiro materiālus vai produktus otrreizējai pārstrādei. Identificē un izņem bīstamās vielas. Izjauc izstrādājumu sastāvdaļas, piemēram, ierīces.;Transports
53-7063.00;Mašīnu padevējs un piespiedējs;Ievada materiālus mašīnās vai iekārtās vai izņem no tām materiālus, kas darbojas automātiski vai kurus kopj citi darbinieki.;Transports
53-7064.00;Fasētāji un fasētāji, rokas;Iesaiņo vai iepako ar rokām plašu produktu un materiālu klāstu.;Transports
53-7065.00;Preču izlicēji un pasūtījumu komplektētāji;Saņem, uzglabā un izsniedz preces, materiālus, aprīkojumu un citas preces no noliktavas, noliktavas vai noliktavas, lai aizpildītu plauktus, plauktus, galdus vai klientu pasūtījumus. Var darbināt jaudas iekārtas, lai izpildītu pasūtījumus. Var atzīmēt preču cenas un iestatīt pārdošanas displejus.;Transports
53-7071.00;Gāzes kompresoru un gāzes sūkņu staciju operatori;Darbina ar tvaika, gāzes, elektromotora vai iekšdedzes dzinēja darbināmus kompresorus. Pārvadīt, saspiest vai atgūt gāzes, piemēram, butānu, slāpekli, ūdeņradi un dabasgāzi.;Transports
53-7072.00;Sūkņu operatori, izņemot urbuma sūkņus;Rūpējas, kontrolē vai darbina ar mehānisku piedziņu, stacionārus vai pārnēsājamus sūkņus un kolektoru sistēmas, lai pārsūtītu gāzes, eļļu, citus šķidrumus, vircas vai pulverveida materiālus uz un no dažādiem traukiem un procesiem.;Transports
53-7073.00;Urbuma galvas sūkņu operatori;Darbina jaudas sūkņus un palīgiekārtas, lai ražotu naftas vai gāzes plūsmu no urbumiem naftas laukā.;Transports
53-7081.00;Atkritumu un pārstrādājamo materiālu savācējs;Savāc un izgāzt atkritumus vai pārstrādājamos materiālus no konteineriem kravas automašīnā. Var vadīt kravas automašīnu.;Transports
53-7121.00;Autocisternu, kravas automašīnu un kuģu iekrāvējs;Ievieto un izkrauj ķīmiskās vielas un lielapjoma cietās vielas, piemēram, ogles, smiltis un graudus, autocisternās, kravas automašīnās vai kuģos vai no tiem, izmantojot materiālu pārvietošanas aprīkojumu. Var veikt dažādus citus uzdevumus, kas saistīti ar produktu nosūtīšanu. Var izmērīt vai paraugus nosūtīšanas tvertnēm un pārbaudīt, vai tajās nav noplūdes.;Transports
53-7199.00;Materiālu pārvietošanas strādnieki, visi pārējie;Visi materiālu pārvietošanas darbinieki, kas nav uzskaitīti atsevišķi.;Transports
55-1011.00;Gaisa apkalpes virsnieks;"Veic un vada pienākumus lidojuma laikā, lai nodrošinātu sekmīgu kaujas, izlūkošanas, transportēšanas un meklēšanas un glābšanas misiju izpildi. Pienākumos ietilpst gaisa kuģu sakaru un radara iekārtu darbība, piemēram, satelītu savienojumu izveide un ienaidnieka sakaru spēju traucēšana; gaisa kuģu ieroču un aizsardzības sistēmu ekspluatācija; veic borta aprīkojuma pārbaudes pirms lidojuma, lidojuma laikā un pēc lidojuma; un kravu un personāla kritumu vadīšana.";Cits
55-1012.00;Gaisa kuģu palaišanas un atjaunošanas darbinieks;"Plāno un vada katapultu, bremžu iekārtu un saistīto mehānisko, hidraulisko un vadības sistēmu darbību un apkopi, kas galvenokārt iesaistītas gaisa kuģa pārvadātāja pacelšanās un nosēšanās operācijās. Pienākumos ietilpst aizturēšanas aprīkojuma, palaišanas aprīkojuma, barikāžu un vizuālo nosēšanās palīglīdzekļu sistēmu gatavības un drošības uzraudzība; palaišanas un atjaunošanas sistēmu projektēšanas, izstrādes un testēšanas plānošana un koordinēšana; katapultu un bremžu iekārtu instalāciju specifikāciju sagatavošana; dizaina priekšlikumu izvērtēšana; jauniem gaisa kuģiem nepieciešamo pārvietošanas iekārtu noteikšana; tehnisko datu un nosēšanās palīglīdzekļu darbības instrukciju sagatavošana; un personāla apmācību par gaisa kuģa pacelšanās un nosēšanās procedūrām.";Cits
55-1013.00;Bruņu uzbrukuma transportlīdzekļu virsnieks;"Vada tanku, vieglo bruņu un amfībijas uzbrukuma transportlīdzekļu vienību darbību kaujas situācijās uz sauszemes vai ūdens vidē. Pienākumos ietilpst apkalpes locekļu vadīšana mērķēšanas un šaušanas sistēmu darbībā; uzlaboto borta sakaru un navigācijas iekārtu darbības koordinēšana; personāla un ekipējuma transportēšanas vadīšana kaujas laikā; kaujas plānu formulēšana un īstenošana, tai skaitā bruņumašīnu vienību taktiskā izmantošana; un koordinējot ar kājnieku, artilērijas un gaisa atbalsta vienībām.";Cits
55-1014.00;Artilērijas un raķešu virsnieks;"Pārvalda personāla un ieroču operācijas, lai iznīcinātu ienaidnieka pozīcijas, lidmašīnas un kuģus. Pienākumos ietilpst lauka artilērijas un pretgaisa aizsardzības artilērijas raķešu sistēmu vienību taktiskās izvietošanas plānošana, mērķēšana un koordinēšana; vada ugunsdrošības sakaru sistēmu izveidi un darbību; starpkontinentālo ballistisko raķešu mērķēšana un palaišana; kodolmunīcijas un komponentu uzglabāšanas un apstrādes vadīšana; ieroču uzglabāšanas un palaišanas iekārtu drošības pārraudzība; un pārvalda ieroču sistēmu apkopi.";Cits
55-1015.00;Vadības un kontroles centra darbinieks;"Pārvalda sakaru, atklāšanas un ieroču sistēmu darbību, kas ir būtiska gaisa, zemes un jūras operāciju kontrolei. Pienākumos ietilpst kritisko sakaru sakaru pārvaldīšana starp gaisa, jūras un sauszemes spēkiem; ārkārtas situāciju plānu izstrāde un īstenošana dabas un kara laika katastrofām; ārkārtas reaģēšanas komandu un aģentūru koordinēšana; izvērtējot komandcentra informāciju un nepieciešamību pēc augsta līmeņa militāriem un valdības ziņojumiem; novērošanas un atklāšanas sistēmu darbības vadīšana; Tehniskās informācijas un konsultāciju nodrošināšana par iespējām un darbības gatavību; un ieroču mērķēšanas, šaušanas un palaišanas datorsistēmu darbības vadīšana.";Cits
55-1016.00;Kājnieku virsnieks;"Virza, apmāca un vada kājnieku vienības sauszemes kaujas operācijās. Pienākumos ietilpst kājnieku ieroču, transportlīdzekļu un aprīkojuma izvietošanas vadīšana; kājnieku pozīciju un aprīkojuma atrašanās vietas, būvniecības un maskēšanās vadīšana; lauka sakaru operāciju vadīšana; saskaņošana ar bruņutehnikas, artilērijas un gaisa atbalsta vienībām; veicot stratēģisko un taktisko plānošanu, tai skaitā kaujas plānu izstrādi; un pamata izlūkošanas operāciju vadīšana.";Cits
55-1017.00;Īpašo spēku virsnieks;"Vada elites komandas, kas kaujas vai miera laikā īsteno netradicionālas operācijas pa gaisu, sauszemi vai jūru. Šīs darbības ietver ofensīvus reidus, demolēšanu, izlūkošanu, meklēšanu un glābšanu, kā arī terorisma apkarošanu. Papildus kaujas apmācībai speciālo spēku virsniekiem bieži ir specializēta apmācība peldēšanā, niršanā, izpletņlēkšanā, izdzīvošanā, ārkārtas medicīnā un svešvalodās. Pienākumos ietilpst progresīvu izlūkošanas operāciju vadīšana un izlūkošanas informācijas izvērtēšana; draudzīgu spēku vervēšana, apmācība un aprīkošana; vada reidus un iebrukumus ienaidnieka teritorijās; personāla apmācību, lai īstenotu individuālās misijas un ārkārtas rīcības plānus; stratēģiskās un taktiskās plānošanas veikšana politiski jutīgām misijām; un ekspluatē sarežģītas sakaru iekārtas.";Cits
55-1019.00;Militārā virsnieka speciālo un taktisko operāciju vadītāji, visi pārējie;Visi militāro virsnieku īpašo un taktisko operāciju vadītāji, kas nav uzskaitīti atsevišķi.;Cits
55-2011.00;Gaisa apkalpes locekļu pirmās līnijas uzraugi;Pārrauga un koordinē gaisa apkalpes locekļu darbības. Uzraugi var arī veikt tādas pašas darbības kā darbinieki, kurus viņi uzrauga.;Cits
55-2012.00;Ieroču speciālistu/apkalpes locekļu pirmās līnijas uzraugi;Uzrauga un koordinē ieroču speciālistu/apkalpes locekļu darbību. Uzraugi var arī veikt tādas pašas darbības kā darbinieki, kurus viņi uzrauga.;Cits
55-2013.00;Visu pārējo taktisko operāciju speciālistu pirmās rindas uzraugi;Pārrauga un koordinē visu pārējo iepriekš atsevišķi neklasificēto taktisko operāciju speciālistu darbību. Uzraugi var arī veikt tādas pašas darbības kā darbinieki, kurus viņi uzrauga.;Cits
55-3011.00;Gaisa apkalpes locekļi;"Veic pienākumus lidojuma laikā, lai nodrošinātu sekmīgu kaujas, izlūkošanas, transportēšanas un meklēšanas un glābšanas misiju izpildi. Pienākumos ietilpst gaisa kuģu sakaru un atklāšanas iekārtu ekspluatācija, tostarp satelītu savienojumu izveidošana un ienaidnieka sakaru spēju traucēšana; veic borta aprīkojuma pārbaudes pirms lidojuma, lidojuma laikā un pēc lidojuma; gaisa kuģu ieroču un aizsardzības sistēmu ekspluatācija un apkope; gaisa kuģu degvielas uzpildes sistēmu ekspluatācija un apkope lidojuma laikā; gaisa kuģu drošības un avārijas procedūru izpilde; pasažieru, kravas, degvielas, avārijas un speciālā aprīkojuma svara un līdzsvara datu aprēķināšana un pārbaude; un kravu un personāla kritienu veikšana.";Cits
55-3012.00;Gaisa kuģu palaišanas un atjaunošanas speciālisti;"Darbina un apkopo katapultas, apturēšanas mehānismus un saistītās mehāniskās, hidrauliskās un vadības sistēmas, kas galvenokārt ir saistītas ar gaisa kuģa pārvadātāja pacelšanās un nosēšanās operācijām. Pienākumos ietilpst vizuālo nosēšanās palīglīdzekļu uzstādīšana un apkope; palaišanas un atgūšanas iekārtu testēšana un apkope, izmantojot elektriskās un mehāniskās pārbaudes iekārtas un rokas instrumentus; lidlauka aizturēšanas sistēmu, piemēram, avārijas barjeru un kabeļu, aktivizēšana ārkārtas nosēšanās situācijās; gaisa kuģa palaišanas un atgūšanas operāciju vadīšana, izmantojot rokas vai gaismas signālus; un lidmašīnu palaišanas, atkopšanas un aprīkojuma apkopes žurnālu uzturēšana.";Cits
55-3013.00;Bruņu uzbrukuma transportlīdzekļu apkalpes locekļi;"Darbina tankus, vieglās bruņas un amfībijas uzbrukuma transportlīdzekļus kaujas situācijās uz sauszemes vai ūdens vidē. Pienākumos ietilpst bruņumašīnu vadīšana, kam nepieciešama specializēta apmācība; mērķēšanas un šaušanas sistēmu darbība un uzturēšana; modernu borta sakaru un navigācijas iekārtu ekspluatācija un uzturēšana; personāla un aprīkojuma transportēšana kaujas vidē; un palīgieroču, tostarp ložmetēju un granātmetēju, darbība un apkope.";Cits
55-3014.00;Artilērijas un raķešu apkalpes locekļi;"Mērķē, šauj un uztur ieročus, ko izmanto, lai iznīcinātu ienaidnieka pozīcijas, lidmašīnas un kuģus. Lauka artilērijas apkalpes locekļi sauszemes kaujas operācijās galvenokārt izmanto lielgabalus, lielgabalus un haubices, savukārt pretgaisa aizsardzības artilērijas apkalpes locekļi galvenokārt izmanto raķetes un raķetes. Jūras spēku artilērijas apkalpes locekļi galvenokārt izmanto torpēdas un raķetes, kas palaistas no kuģa vai zemūdenes. Pienākumos ietilpst munīcijas, raķešu un torpēdu testēšana, pārbaude un uzglabāšana; veic ieroču un ar tiem saistīto iekārtu profilaktisko un kārtējo apkopi; radio un vadu sakaru izveide un uzturēšana; un darbojas ar ieroču mērķēšanas, šaušanas un palaišanas datorsistēmām.";Cits
55-3015.00;Vadības un kontroles centra speciālisti;"Pārvalda un uzrauga sakaru, atklāšanas un ieroču sistēmas, kas ir būtiskas gaisa, zemes un jūras operāciju kontrolei. Pienākumos ietilpst kritisko sakaru uzturēšana un pārsūtīšana starp gaisa, jūras un sauszemes spēkiem; ārkārtas situāciju plānu īstenošana dabas un kara laika katastrofām; komandcentra informācijas nodošana augsta līmeņa militārajiem un valdības lēmumu pieņēmējiem; novērošanas un atklāšanas sistēmu, piemēram, pretgaisa aizsardzības, uzraudzība; taktisko situāciju interpretēšana un izvērtēšana un ieteikumu sniegšana priekšniekiem; un darbojas ar ieroču mērķēšanas, šaušanas un palaišanas datorsistēmām.";Cits
55-3016.00;Kājnieks;"Izmanto ieročus un aprīkojumu sauszemes kaujas operācijās. Pienākumos ietilpst ieroču, piemēram, šauteņu, ložmetēju, mīnmetēju un rokas granātu, ekspluatācija un apkope; kājnieku pozīciju un aprīkojuma atrašana, konstruēšana un maskēšana; reljefa izvērtēšana un topogrāfiskās informācijas fiksēšana; lauka sakaru iekārtu ekspluatācija un apkope; atbalsta uguns nepieciešamības izvērtēšana un vadīšana; sprāgstvielu izvietošana un mīnu meklēšanas darbības uz sauszemes; un piedalīšanās pamata izlūkošanas operācijās.";Cits
55-3018.00;Īpašie spēki;"Īsteno netradicionālas operācijas pa gaisu, sauszemi vai jūru kaujas vai miera laikā kā elites komandu dalībnieki. Šīs darbības ietver ofensīvus reidus, demolēšanu, izlūkošanu, meklēšanu un glābšanu, kā arī terorisma apkarošanu. Papildus kaujas apmācībai speciālo spēku locekļiem bieži ir specializēta apmācība peldēšanā, niršanā, izpletņlēkšanā, izdzīvošanā, ārkārtas medicīnā un svešvalodās. Pienākumos ietilpst progresīvu izlūkošanas operāciju veikšana un izlūkošanas informācijas vākšana; draudzīgu spēku vervēšana, apmācība un aprīkošana; veic reidus un iebrukumus ienaidnieka teritorijās; sprāgstvielu likšana un detonēšana nojaukšanas mērķiem; munīcijas atrašana, identificēšana, neitralizācija un iznīcināšana; un sarežģītu sakaru iekārtu ekspluatācija un apkope.";Cits
55-3019.00;Militāri iesaukti taktisko operāciju un gaisa/ieroču speciālisti un apkalpes locekļi, visi pārējie;Visi militārie kareivji taktisko operāciju un gaisa/ieroču speciālisti un apkalpes locekļi, kas nav minēti atsevišķi.;Cits